shipment_id,shipment_date,origin,destination,weight_kg,volume_cbm,actual_carrier,actual_rate_type,actual_departure_date,actual_base_cost,actual_fuel_surcharge,actual_other_cost,actual_paid
TP-88000,2026-01-29,SIN,CGK,266.3,1.92,Own Freighter 2,Owned,2026-01-31,523.96,82.71,171.25,777.92
TP-88001,2026-04-02,KUL,BOM,4090.85,26.88,Emirates SkyCargo,Contract,2026-04-03,12195.13,2494.76,170.0,14859.89
TP-88002,2026-05-18,BOM,SIN,1371.75,7.36,Own Freighter 3,Owned,2026-05-20,3420.86,724.63,108.89,4254.38
TP-88003,2026-05-10,SIN,CGK,2981.71,16.7,Own Freighter 1,Owned,2026-05-13,5247.29,1054.71,134.79,6436.79
TP-88004,2026-06-26,BKK,MNL,1085.35,5.73,Partner Air A,Contract,2026-06-28,2203.17,483.84,155.23,2842.24
TP-88005,2026-04-19,KUL,CGK,2061.63,11.53,Emirates SkyCargo,Spot,2026-04-21,6119.99,883.32,155.89,7159.2
TP-88006,2026-03-22,BKK,MNL,415.82,2.22,Emirates SkyCargo,Contract,2026-03-24,1036.68,186.84,192.75,1416.27
TP-88007,2026-05-10,KUL,MNL,2421.67,16.26,Own Freighter 1,Owned,2026-05-12,7359.63,1528.51,52.08,8940.22
TP-88008,2026-06-20,KUL,BKK,627.99,3.93,Turkish Cargo,Contract,2026-06-23,1774.82,374.01,110.18,2259.01
TP-88009,2026-01-30,KUL,DEL,4228.23,21.4,Own Freighter 2,Owned,2026-02-01,9699.55,1808.45,216.96,11724.96
TP-88010,2026-03-21,SIN,CGK,1194.58,5.91,Own Freighter 3,Owned,2026-03-23,2196.26,311.77,80.3,2588.33
TP-88011,2026-05-16,SIN,CGK,4743.7,24.3,Own Freighter 2,Owned,2026-05-19,11917.45,2574.21,199.91,14691.57
TP-88012,2026-02-02,KUL,BLR,4710.36,22.05,Turkish Cargo,Spot,2026-02-04,11342.59,2410.92,144.5,13898.01
TP-88013,2026-06-23,DEL,BKK,4372.32,25.63,Emirates SkyCargo,Contract,2026-06-26,9348.12,2012.81,71.69,11432.62
TP-88014,2026-05-26,KUL,BLR,2988.04,15.33,Own Freighter 1,Owned,2026-05-29,6407.2,911.72,192.43,7511.35
TP-88015,2026-01-31,KUL,CGK,3604.4,16.74,Partner Air B,Contract,2026-02-02,11233.08,2192.84,70.44,13496.36
TP-88016,2026-06-10,KUL,BKK,1131.27,7.81,Own Freighter 2,Owned,2026-06-14,2967.01,452.66,67.16,3486.83
TP-88017,2026-06-02,KUL,MNL,3632.65,22.83,Own Freighter 3,Owned,2026-06-05,8964.12,1461.95,58.01,10484.08
TP-88018,2026-05-12,KUL,MAA,3985.91,20.06,Own Freighter 1,Owned,2026-05-15,5986.66,1254.5,120.47,7361.63
TP-88019,2026-04-27,KUL,MAA,4487.76,27.41,MASkargo,Spot,2026-04-28,13366.0,2919.96,79.18,16365.14
TP-88020,2026-03-04,KUL,SIN,2619.92,17.81,Partner Air A,Spot,2026-03-07,6450.45,1312.03,66.45,7828.93
TP-88021,2026-06-23,KUL,MNL,3663.43,17.58,Partner Air B,Spot,2026-06-25,10274.82,1998.13,60.3,12333.25
TP-88022,2026-04-30,KUL,BOM,4627.45,21.2,Own Freighter 1,Owned,2026-05-03,9497.19,2063.93,194.13,11755.25
TP-88023,2026-05-20,KUL,CGK,4342.89,20.51,Emirates SkyCargo,Contract,2026-05-22,11275.04,1633.12,86.04,12994.2
TP-88024,2026-05-14,SIN,CGK,1552.58,10.4,Own Freighter 3,Owned,2026-05-15,4026.89,573.8,219.74,4820.43
TP-88025,2026-02-28,KUL,BLR,2074.23,11.04,Own Freighter 1,Owned,2026-03-01,6028.98,1036.37,169.98,7235.33
TP-88026,2026-06-05,KUL,DEL,4470.24,28.34,Own Freighter 1,Owned,2026-06-07,15350.35,2477.48,68.38,17896.21
TP-88027,2026-04-12,KUL,BKK,4727.67,29.94,Own Freighter 1,Owned,2026-04-14,7531.79,1177.62,209.88,8919.29
TP-88028,2026-02-26,KUL,CGK,1698.77,12.3,Own Freighter 1,Owned,2026-02-28,3033.71,548.61,56.09,3638.41
TP-88029,2026-05-10,DEL,BKK,1937.84,13.25,Partner Air A,Spot,2026-05-11,4818.56,1042.44,171.7,6032.7
TP-88030,2026-03-29,KUL,BKK,4556.66,21.56,MASkargo,Contract,2026-04-02,10601.8,1676.39,60.45,12338.64
TP-88031,2026-04-05,KUL,BKK,3304.13,21.59,Turkish Cargo,Spot,2026-04-08,8160.25,1430.07,177.35,9767.67
TP-88032,2026-05-21,KUL,SIN,4522.05,25.14,MASkargo,Spot,2026-05-22,11463.83,1993.11,178.59,13635.53
TP-88033,2026-05-01,KUL,MAA,352.44,2.39,Emirates SkyCargo,Contract,2026-05-04,760.46,129.17,173.25,1062.88
TP-88034,2026-01-13,KUL,CGK,4175.96,31.42,Own Freighter 1,Owned,2026-01-14,8620.32,1292.69,103.08,10016.09
TP-88035,2026-06-23,KUL,SIN,2242.14,15.14,Own Freighter 2,Owned,2026-06-24,4777.19,838.47,49.22,5664.88
TP-88036,2026-03-02,KUL,SIN,3825.23,21.88,Emirates SkyCargo,Contract,2026-03-04,5908.77,1089.11,103.25,7101.13
TP-88037,2026-05-20,SIN,CGK,1496.97,11.13,MASkargo,Spot,2026-05-24,4679.99,836.01,183.87,5699.87
TP-88038,2026-06-07,KUL,MAA,2094.33,13.43,Turkish Cargo,Spot,2026-06-11,6569.0,1393.84,185.49,8148.33
TP-88039,2026-05-10,KUL,MAA,2244.15,14.0,Own Freighter 2,Owned,2026-05-13,5463.96,1125.71,150.3,6739.97
TP-88040,2026-05-17,BOM,SIN,2427.79,16.16,Partner Air B,Contract,2026-05-21,5965.01,1061.72,38.08,7064.81
TP-88041,2026-03-15,KUL,MNL,3427.79,23.17,Partner Air B,Spot,2026-03-17,9163.88,1641.44,123.76,10929.08
TP-88042,2026-03-24,KUL,MNL,1477.18,7.84,Turkish Cargo,Spot,2026-03-28,2364.34,476.41,155.68,2996.43
TP-88043,2026-02-17,BKK,MNL,215.49,1.2,Own Freighter 2,Owned,2026-02-19,446.73,73.09,159.76,679.58
TP-88044,2026-02-21,BOM,SIN,2813.06,12.9,Own Freighter 3,Owned,2026-02-25,4936.21,820.64,131.26,5888.11
TP-88045,2026-04-18,SIN,CGK,1891.24,10.5,Turkish Cargo,Contract,2026-04-19,5702.59,1002.99,204.67,6910.25
TP-88046,2026-02-14,DEL,BKK,3060.87,17.38,Own Freighter 1,Owned,2026-02-18,6814.23,1224.17,214.87,8253.27
TP-88047,2026-04-30,KUL,BLR,608.53,3.2,MASkargo,Spot,2026-05-02,1927.97,342.33,190.35,2460.65
TP-88048,2026-05-04,DEL,BKK,3215.67,18.11,Partner Air B,Contract,2026-05-06,4909.5,896.36,111.1,5916.96
TP-88049,2026-02-28,KUL,DEL,1133.09,8.27,Partner Air B,Contract,2026-03-03,3978.78,839.54,122.97,4941.29
TP-88050,2026-03-30,BKK,MNL,399.69,2.39,Own Freighter 1,Owned,2026-04-02,896.52,185.66,98.01,1180.19
TP-88051,2026-05-24,KUL,BOM,4359.22,23.97,Partner Air B,Spot,2026-05-28,16269.55,3022.18,66.37,19358.1
TP-88052,2026-03-25,KUL,BKK,1898.66,10.85,Turkish Cargo,Spot,2026-03-26,5483.41,940.05,56.07,6479.53
TP-88053,2026-01-07,KUL,CGK,2394.89,16.04,Partner Air B,Spot,2026-01-08,4795.13,1024.45,50.88,5870.46
TP-88054,2026-06-30,KUL,MNL,3910.59,18.81,Partner Air A,Spot,2026-07-04,6281.81,930.59,196.32,7408.72
TP-88055,2026-05-05,KUL,DEL,784.89,5.8,Own Freighter 3,Owned,2026-05-06,2672.8,580.28,128.51,3381.59
TP-88056,2026-05-17,KUL,CGK,1457.05,6.82,Emirates SkyCargo,Contract,2026-05-19,3520.1,583.96,165.25,4269.31
TP-88057,2026-04-23,KUL,SIN,2272.81,15.97,Turkish Cargo,Contract,2026-04-26,7241.46,1261.64,219.2,8722.3
TP-88058,2026-06-14,KUL,SIN,4767.17,22.61,Turkish Cargo,Contract,2026-06-15,8308.46,1515.8,36.57,9860.83
TP-88059,2026-05-07,KUL,BKK,1944.37,12.79,Own Freighter 1,Owned,2026-05-09,3713.43,709.44,48.14,4471.01
TP-88060,2026-01-30,KUL,MAA,2258.18,10.87,MASkargo,Contract,2026-02-02,5724.52,943.08,172.21,6839.81
TP-88061,2026-01-12,KUL,BKK,2343.71,11.99,Partner Air A,Spot,2026-01-13,5041.47,766.34,207.26,6015.07
TP-88062,2026-02-22,KUL,BOM,2613.64,19.12,MASkargo,Spot,2026-02-26,5874.85,1053.73,46.08,6974.66
TP-88063,2026-02-04,KUL,BKK,3776.71,22.02,Own Freighter 1,Owned,2026-02-05,9419.13,1435.78,65.41,10920.32
TP-88064,2026-05-27,KUL,SIN,2164.18,10.66,Partner Air B,Contract,2026-05-30,5911.53,1062.24,105.8,7079.57
TP-88065,2026-01-15,KUL,MNL,3910.24,28.95,Emirates SkyCargo,Contract,2026-01-17,9000.84,1517.49,143.04,10661.37
TP-88066,2026-02-26,DEL,BKK,242.67,1.86,Own Freighter 1,Owned,2026-02-27,561.19,93.46,148.61,803.26
TP-88067,2026-05-27,BKK,MNL,1970.95,11.66,Partner Air A,Contract,2026-05-30,6287.88,1365.82,40.99,7694.69
TP-88068,2026-01-26,KUL,DEL,1689.59,8.89,Partner Air B,Spot,2026-01-28,6293.12,1087.09,137.51,7517.72
TP-88069,2026-04-16,BOM,SIN,4663.78,25.12,Own Freighter 3,Owned,2026-04-18,11671.27,2150.88,190.55,14012.7
TP-88070,2026-06-27,SIN,CGK,2018.0,15.2,Partner Air B,Spot,2026-06-28,4384.81,922.2,162.75,5469.76
TP-88071,2026-05-06,KUL,CGK,2912.3,15.47,Emirates SkyCargo,Contract,2026-05-08,5247.65,1100.11,143.57,6491.33
TP-88072,2026-03-14,DEL,BKK,1537.91,10.5,Partner Air B,Spot,2026-03-17,2589.5,375.75,217.85,3183.1
TP-88073,2026-03-27,SIN,CGK,3193.12,17.23,Partner Air B,Contract,2026-03-28,5996.14,946.59,196.21,7138.94
TP-88074,2026-04-20,SIN,CGK,2025.78,10.8,MASkargo,Contract,2026-04-22,6363.09,1085.96,41.98,7491.03
TP-88075,2026-06-09,BOM,SIN,375.93,2.15,Own Freighter 2,Owned,2026-06-12,1199.58,231.47,155.91,1586.96
TP-88076,2026-02-21,DEL,BKK,3767.51,19.56,Own Freighter 3,Owned,2026-02-22,10976.82,2391.3,101.22,13469.34
TP-88077,2026-02-10,KUL,DEL,632.27,3.8,MASkargo,Contract,2026-02-14,2274.86,406.32,140.25,2821.43
TP-88078,2026-01-21,KUL,BKK,2284.79,11.41,MASkargo,Contract,2026-01-24,6539.4,1149.94,193.47,7882.81
TP-88079,2026-03-28,BKK,MNL,651.11,3.36,Own Freighter 3,Owned,2026-03-29,1435.44,307.37,189.93,1932.74
TP-88080,2026-05-09,KUL,SIN,2672.59,17.78,Partner Air B,Contract,2026-05-10,6902.48,1358.6,175.74,8436.82
TP-88081,2026-06-30,SIN,CGK,3449.39,19.28,Partner Air B,Contract,2026-07-01,7330.51,1371.32,171.61,8873.44
TP-88082,2026-01-24,KUL,MAA,1774.72,11.58,Own Freighter 3,Owned,2026-01-26,5327.31,1028.53,96.25,6452.09
TP-88083,2026-04-26,KUL,MAA,3080.51,17.16,Emirates SkyCargo,Contract,2026-04-29,6888.46,973.69,159.56,8021.71
TP-88084,2026-06-21,KUL,MNL,463.24,2.98,Emirates SkyCargo,Spot,2026-06-25,772.2,152.93,125.13,1050.26
TP-88085,2026-05-18,KUL,SIN,1063.41,7.34,Own Freighter 2,Owned,2026-05-19,2921.21,555.41,169.57,3646.19
TP-88086,2026-02-05,BOM,SIN,2224.93,13.68,Own Freighter 1,Owned,2026-02-08,4014.99,866.82,156.99,5038.8
TP-88087,2026-01-31,BKK,MNL,3224.16,24.78,Turkish Cargo,Contract,2026-02-01,7108.77,1183.03,55.97,8347.77
TP-88088,2026-06-16,SIN,CGK,2156.46,12.67,Own Freighter 2,Owned,2026-06-19,4776.91,1003.08,164.06,5944.05
TP-88089,2026-02-11,BKK,MNL,616.3,4.16,Turkish Cargo,Contract,2026-02-13,1457.05,295.62,183.16,1935.83
TP-88090,2026-05-13,SIN,CGK,1479.93,10.84,MASkargo,Contract,2026-05-16,2304.45,433.15,130.43,2868.03
TP-88091,2026-03-29,KUL,MNL,4553.62,32.34,Own Freighter 2,Owned,2026-03-30,13046.13,2824.97,197.08,16068.18
TP-88092,2026-06-23,KUL,BOM,4594.38,28.1,Own Freighter 1,Owned,2026-06-26,12672.61,1780.88,193.56,14647.05
TP-88093,2026-03-13,KUL,MAA,2245.89,17.04,Own Freighter 2,Owned,2026-03-15,5550.48,1211.9,161.91,6924.29
TP-88094,2026-03-31,KUL,BOM,4183.26,21.4,Own Freighter 1,Owned,2026-04-04,15486.48,2414.6,141.54,18042.62
TP-88095,2026-03-06,SIN,CGK,4523.03,26.17,Own Freighter 3,Owned,2026-03-10,12172.31,1782.09,65.88,14020.28
TP-88096,2026-03-11,BOM,SIN,2700.74,14.42,Own Freighter 2,Owned,2026-03-12,4671.46,1008.47,134.77,5814.7
TP-88097,2026-04-26,DEL,BKK,1415.42,6.81,MASkargo,Contract,2026-04-27,3621.61,561.43,38.59,4221.63
TP-88098,2026-01-29,KUL,BKK,1247.24,5.91,MASkargo,Spot,2026-01-30,2791.42,394.16,181.96,3367.54
TP-88099,2026-06-30,KUL,BLR,2184.38,14.83,Own Freighter 1,Owned,2026-07-02,4370.98,855.68,70.11,5296.77
TP-88100,2026-05-27,KUL,DEL,3134.15,17.23,Emirates SkyCargo,Spot,2026-05-28,7990.61,1431.86,150.43,9572.9
TP-88101,2026-04-28,SIN,CGK,3416.86,17.13,Own Freighter 3,Owned,2026-05-01,7606.02,1128.19,181.61,8915.82
TP-88102,2026-03-12,BKK,MNL,4423.87,22.37,Own Freighter 1,Owned,2026-03-14,10480.86,1945.81,140.75,12567.42
TP-88103,2026-05-10,DEL,BKK,568.89,3.4,Own Freighter 2,Owned,2026-05-14,1271.07,257.91,62.38,1591.36
TP-88104,2026-03-31,KUL,CGK,1035.78,7.69,Own Freighter 3,Owned,2026-04-02,2160.32,415.72,177.39,2753.43
TP-88105,2026-01-03,SIN,CGK,459.68,2.35,Own Freighter 2,Owned,2026-01-07,1205.57,232.72,203.88,1642.17
TP-88106,2026-06-23,BOM,SIN,2997.89,16.25,Own Freighter 1,Owned,2026-06-25,7684.77,1215.69,79.47,8979.93
TP-88107,2026-03-01,DEL,BKK,2923.08,17.4,Own Freighter 3,Owned,2026-03-03,5532.08,786.04,49.7,6367.82
TP-88108,2026-01-14,DEL,BKK,3358.28,16.03,Emirates SkyCargo,Spot,2026-01-15,10196.57,1805.67,154.53,12156.77
TP-88109,2026-02-25,KUL,BKK,2888.21,15.52,Partner Air B,Contract,2026-02-28,6668.04,1152.32,49.69,7870.05
TP-88110,2026-06-07,KUL,SIN,2766.25,17.09,Partner Air A,Contract,2026-06-09,6593.36,1256.35,126.11,7975.82
TP-88111,2026-03-13,KUL,SIN,4059.44,27.42,Own Freighter 2,Owned,2026-03-16,8429.67,1433.21,133.84,9996.72
TP-88112,2026-03-12,KUL,MNL,2625.08,19.47,MASkargo,Contract,2026-03-14,7386.29,1430.65,85.44,8902.38
TP-88113,2026-04-11,KUL,MAA,982.27,4.82,Own Freighter 1,Owned,2026-04-13,2468.84,462.71,189.69,3121.24
TP-88114,2026-03-25,KUL,BOM,2736.1,18.29,Turkish Cargo,Contract,2026-03-29,5232.17,858.96,120.28,6211.41
TP-88115,2026-05-29,KUL,SIN,4350.14,30.59,Partner Air B,Spot,2026-06-01,11229.56,1572.3,62.14,12864.0
TP-88116,2026-06-14,KUL,SIN,3897.63,24.9,Own Freighter 2,Owned,2026-06-18,11545.79,2441.78,163.65,14151.22
TP-88117,2026-01-10,KUL,SIN,3381.99,17.66,Turkish Cargo,Contract,2026-01-11,8509.03,1398.25,180.23,10087.51
TP-88118,2026-05-02,KUL,MAA,1371.21,7.32,MASkargo,Spot,2026-05-05,3293.31,575.6,88.43,3957.34
TP-88119,2026-01-31,BKK,MNL,551.7,2.98,Emirates SkyCargo,Spot,2026-02-01,1394.68,237.2,176.31,1808.19
TP-88120,2026-04-24,KUL,BOM,3476.61,18.11,Turkish Cargo,Spot,2026-04-26,6873.93,1002.45,140.7,8017.08
TP-88121,2026-01-22,KUL,BLR,4266.25,29.3,Partner Air A,Contract,2026-01-25,9575.91,1485.77,41.6,11103.28
TP-88122,2026-01-31,KUL,BOM,1423.6,8.49,MASkargo,Contract,2026-02-01,4683.14,718.6,103.44,5505.18
TP-88123,2026-03-02,BOM,SIN,1042.35,6.42,Partner Air A,Contract,2026-03-06,3311.78,722.44,149.5,4183.72
TP-88124,2026-02-21,KUL,MNL,1711.89,12.06,Own Freighter 3,Owned,2026-02-23,2661.24,493.64,86.91,3241.79
TP-88125,2026-03-03,KUL,MNL,3161.53,17.77,MASkargo,Contract,2026-03-04,5229.93,932.93,91.39,6254.25
TP-88126,2026-03-16,BOM,SIN,2251.7,11.91,Own Freighter 3,Owned,2026-03-19,4786.77,927.99,163.25,5878.01
TP-88127,2026-05-05,KUL,CGK,2909.11,13.61,Turkish Cargo,Spot,2026-05-06,7809.99,1619.42,117.37,9546.78
TP-88128,2026-04-28,KUL,SIN,4464.32,21.58,Own Freighter 3,Owned,2026-04-29,7880.82,1714.96,136.04,9731.82
TP-88129,2026-04-09,KUL,CGK,1883.66,8.9,Own Freighter 2,Owned,2026-04-13,3737.0,628.22,215.84,4581.06
TP-88130,2026-03-04,SIN,CGK,282.26,1.61,Own Freighter 2,Owned,2026-03-07,790.33,141.82,214.57,1146.72
TP-88131,2026-05-24,KUL,BKK,3002.44,15.6,Own Freighter 2,Owned,2026-05-26,8747.33,1592.47,133.44,10473.24
TP-88132,2026-02-28,BKK,MNL,1579.54,7.66,Own Freighter 3,Owned,2026-03-02,2932.78,640.78,113.59,3687.15
TP-88133,2026-05-29,KUL,MNL,1767.44,9.27,Emirates SkyCargo,Contract,2026-05-30,3133.58,564.2,169.78,3867.56
TP-88134,2026-01-27,SIN,CGK,1993.12,11.66,Turkish Cargo,Spot,2026-01-29,4760.62,924.14,57.06,5741.82
TP-88135,2026-03-06,KUL,BOM,2425.44,13.07,MASkargo,Contract,2026-03-07,5416.08,1166.58,40.5,6623.16
TP-88136,2026-03-14,KUL,CGK,1640.24,8.67,Own Freighter 1,Owned,2026-03-17,2538.85,364.6,189.83,3093.28
TP-88137,2026-05-26,KUL,MAA,2543.63,15.05,Own Freighter 2,Owned,2026-05-27,5636.67,798.33,121.89,6556.89
TP-88138,2026-03-22,BOM,SIN,1080.36,7.48,Turkish Cargo,Spot,2026-03-25,2359.41,448.28,118.85,2926.54
TP-88139,2026-06-03,SIN,CGK,1248.0,8.94,Own Freighter 2,Owned,2026-06-05,2377.97,361.44,40.13,2779.54
TP-88140,2026-03-12,KUL,BKK,2193.56,13.84,Own Freighter 2,Owned,2026-03-15,4238.66,793.3,125.72,5157.68
TP-88141,2026-04-15,SIN,CGK,3820.33,18.29,Own Freighter 2,Owned,2026-04-16,7510.24,1099.56,179.2,8789.0
TP-88142,2026-02-27,DEL,BKK,246.42,1.23,Own Freighter 3,Owned,2026-02-28,379.25,70.04,148.22,597.51
TP-88143,2026-05-07,KUL,MNL,1926.64,8.98,Own Freighter 2,Owned,2026-05-10,4302.62,673.48,74.88,5050.98
TP-88144,2026-01-12,DEL,BKK,174.93,1.08,MASkargo,Spot,2026-01-14,412.44,70.31,215.84,698.59
TP-88145,2026-03-14,KUL,BKK,990.05,6.27,MASkargo,Contract,2026-03-17,1768.33,319.54,85.47,2173.34
TP-88146,2026-06-04,SIN,CGK,760.48,3.79,Partner Air B,Contract,2026-06-08,2001.12,413.36,129.84,2544.32
TP-88147,2026-01-12,KUL,MAA,537.3,3.63,Partner Air B,Spot,2026-01-13,1606.79,263.21,143.63,2013.63
TP-88148,2026-04-11,DEL,BKK,386.79,2.22,Partner Air B,Contract,2026-04-12,585.36,111.47,166.92,863.75
TP-88149,2026-02-23,KUL,BKK,2739.26,19.9,MASkargo,Contract,2026-02-27,8762.19,1478.21,83.25,10323.65
TP-88150,2026-04-17,KUL,CGK,1826.99,10.24,Own Freighter 2,Owned,2026-04-19,4805.88,731.11,174.4,5711.39
TP-88151,2026-02-02,KUL,MAA,2570.18,15.67,MASkargo,Contract,2026-02-05,6218.15,976.86,129.66,7324.67
TP-88152,2026-03-05,BKK,MNL,639.31,2.92,Own Freighter 2,Owned,2026-03-07,1520.26,236.25,179.03,1935.54
TP-88153,2026-03-17,KUL,MNL,2409.55,13.28,Partner Air B,Spot,2026-03-18,6855.28,1037.69,144.08,8037.05
TP-88154,2026-03-21,BKK,MNL,2758.86,20.87,Partner Air A,Contract,2026-03-22,4718.83,871.8,70.6,5661.23
TP-88155,2026-03-23,BOM,SIN,1926.35,14.22,Turkish Cargo,Contract,2026-03-26,3187.61,696.12,135.23,4018.96
TP-88156,2026-05-22,KUL,BLR,2042.91,9.44,Emirates SkyCargo,Contract,2026-05-24,4745.87,819.13,78.24,5643.24
TP-88157,2026-01-05,KUL,CGK,4400.18,22.35,Turkish Cargo,Spot,2026-01-06,7600.58,1624.86,147.63,9373.07
TP-88158,2026-06-24,KUL,MNL,4434.5,24.58,Own Freighter 3,Owned,2026-06-26,9349.24,1376.18,148.49,10873.91
TP-88159,2026-01-01,KUL,BLR,4511.19,24.22,Partner Air B,Contract,2026-01-03,11682.37,2516.92,44.59,14243.88
TP-88160,2026-02-01,DEL,BKK,547.74,2.98,MASkargo,Spot,2026-02-02,878.12,125.28,92.96,1096.36
TP-88161,2026-06-01,KUL,BOM,3820.79,18.79,Own Freighter 3,Owned,2026-06-05,8246.76,1532.72,152.91,9932.39
TP-88162,2026-04-07,BKK,MNL,1104.72,5.5,Emirates SkyCargo,Contract,2026-04-10,2003.1,439.06,102.12,2544.28
TP-88163,2026-03-28,KUL,BOM,4502.93,21.02,Own Freighter 2,Owned,2026-04-01,10725.87,1707.69,184.76,12618.32
TP-88164,2026-03-07,KUL,CGK,2710.07,14.87,Own Freighter 1,Owned,2026-03-11,4683.98,687.24,117.23,5488.45
TP-88165,2026-01-04,SIN,CGK,2344.82,14.94,Own Freighter 3,Owned,2026-01-08,5560.74,1117.11,62.62,6740.47
TP-88166,2026-01-06,DEL,BKK,2789.24,20.55,Own Freighter 2,Owned,2026-01-10,4336.59,655.39,215.79,5207.77
TP-88167,2026-06-04,KUL,MAA,3905.18,24.99,Partner Air B,Spot,2026-06-08,9348.83,1989.66,197.66,11536.15
TP-88168,2026-06-28,KUL,BOM,3528.4,18.53,Emirates SkyCargo,Spot,2026-06-30,12631.26,2686.66,111.09,15429.01
TP-88169,2026-06-23,KUL,DEL,1420.62,9.52,MASkargo,Spot,2026-06-24,3770.27,581.51,167.17,4518.95
TP-88170,2026-01-17,KUL,BKK,3209.52,15.56,Own Freighter 3,Owned,2026-01-21,6333.6,1202.83,43.13,7579.56
TP-88171,2026-03-29,KUL,CGK,1276.46,6.15,Own Freighter 2,Owned,2026-03-30,3084.99,655.65,158.03,3898.67
TP-88172,2026-01-21,KUL,BLR,4572.21,23.45,Turkish Cargo,Spot,2026-01-23,9653.26,1643.15,122.08,11418.49
TP-88173,2026-05-06,BOM,SIN,3102.66,16.42,MASkargo,Contract,2026-05-09,6595.97,953.88,106.29,7656.14
TP-88174,2026-04-21,BKK,MNL,943.45,7.21,Own Freighter 3,Owned,2026-04-23,2016.07,395.8,71.63,2483.5
TP-88175,2026-01-02,KUL,MNL,3243.75,20.73,Partner Air B,Spot,2026-01-04,9217.61,1321.33,74.05,10612.99
TP-88176,2026-02-06,KUL,BKK,4194.84,30.42,Emirates SkyCargo,Contract,2026-02-10,12540.88,2543.15,167.58,15251.61
TP-88177,2026-03-29,KUL,BOM,3593.7,20.67,MASkargo,Spot,2026-04-01,13117.17,2617.79,56.48,15791.44
TP-88178,2026-03-18,KUL,MAA,4727.41,27.97,Own Freighter 1,Owned,2026-03-21,12389.24,2575.49,218.35,15183.08
TP-88179,2026-06-10,KUL,SIN,3509.86,23.94,Own Freighter 2,Owned,2026-06-14,6726.65,1005.66,108.38,7840.69
TP-88180,2026-01-06,BKK,MNL,1981.15,11.04,Emirates SkyCargo,Spot,2026-01-09,5724.9,1160.31,133.07,7018.28
TP-88181,2026-04-08,KUL,MNL,3171.43,14.87,Partner Air A,Spot,2026-04-10,5637.67,994.97,209.78,6842.42
TP-88182,2026-05-15,KUL,SIN,3536.72,25.79,Partner Air B,Spot,2026-05-17,7148.19,1470.44,125.58,8744.21
TP-88183,2026-03-03,BKK,MNL,4543.63,33.22,Own Freighter 2,Owned,2026-03-07,8090.81,1169.87,172.53,9433.21
TP-88184,2026-05-12,KUL,SIN,1792.81,10.17,Emirates SkyCargo,Spot,2026-05-14,2844.37,510.96,66.54,3421.87
TP-88185,2026-04-16,KUL,SIN,725.87,3.79,Own Freighter 1,Owned,2026-04-17,1690.26,257.68,156.48,2104.42
TP-88186,2026-06-23,KUL,DEL,4008.74,28.46,Own Freighter 2,Owned,2026-06-25,10550.64,1981.06,36.49,12568.19
TP-88187,2026-01-10,KUL,MAA,1423.46,9.14,Own Freighter 2,Owned,2026-01-12,2600.24,394.45,38.27,3032.96
TP-88188,2026-06-05,KUL,MNL,618.54,2.88,Turkish Cargo,Spot,2026-06-07,1122.17,242.24,102.26,1466.67
TP-88189,2026-03-29,DEL,BKK,1551.87,8.4,Partner Air A,Spot,2026-04-02,3578.83,718.91,133.71,4431.45
TP-88190,2026-02-17,KUL,BKK,166.74,0.82,Partner Air B,Contract,2026-02-18,412.22,77.24,36.64,526.1
TP-88191,2026-02-09,KUL,MAA,2224.16,15.6,Turkish Cargo,Spot,2026-02-10,6095.71,1065.0,62.44,7223.15
TP-88192,2026-04-24,DEL,BKK,3941.91,27.53,Emirates SkyCargo,Contract,2026-04-26,7972.73,1421.64,80.1,9474.47
TP-88193,2026-04-10,KUL,SIN,2227.13,14.95,Partner Air B,Spot,2026-04-13,6357.67,1386.65,185.71,7930.03
TP-88194,2026-01-15,KUL,BKK,3623.53,22.1,Own Freighter 1,Owned,2026-01-16,6157.47,1204.79,61.47,7423.73
TP-88195,2026-02-24,KUL,SIN,2011.87,11.2,Own Freighter 3,Owned,2026-02-28,3209.32,550.02,187.16,3946.5
TP-88196,2026-01-09,SIN,CGK,1267.56,9.5,Own Freighter 1,Owned,2026-01-12,2084.59,386.92,43.3,2514.81
TP-88197,2026-02-08,KUL,SIN,3323.04,24.41,Turkish Cargo,Spot,2026-02-10,5429.45,1032.01,211.27,6672.73
TP-88198,2026-04-04,DEL,BKK,1793.16,8.16,Turkish Cargo,Spot,2026-04-08,2906.58,572.17,120.24,3598.99
TP-88199,2026-02-24,KUL,BLR,3415.65,17.04,Turkish Cargo,Contract,2026-02-27,7888.69,1280.1,42.08,9210.87
TP-88200,2026-02-20,DEL,BKK,511.81,2.35,MASkargo,Contract,2026-02-24,1348.89,255.37,94.89,1699.15
TP-88201,2026-01-30,KUL,CGK,4457.52,33.68,Own Freighter 2,Owned,2026-01-31,10163.15,1726.21,137.26,12026.62
TP-88202,2026-05-13,KUL,CGK,3963.16,19.74,Partner Air A,Contract,2026-05-17,9986.8,1665.87,212.44,11865.11
TP-88203,2026-06-18,KUL,MNL,390.63,2.29,Own Freighter 3,Owned,2026-06-20,641.04,97.12,39.28,777.44
TP-88204,2026-02-16,KUL,SIN,1539.21,10.62,Own Freighter 1,Owned,2026-02-19,4673.33,900.89,151.77,5725.99
TP-88205,2026-05-05,KUL,BKK,2165.64,10.66,Own Freighter 2,Owned,2026-05-09,4891.03,918.08,85.26,5894.37
TP-88206,2026-02-20,KUL,BKK,380.92,2.53,Turkish Cargo,Spot,2026-02-21,891.23,128.11,85.77,1105.11
TP-88207,2026-02-18,KUL,BOM,3517.1,20.66,Partner Air B,Contract,2026-02-21,11956.16,2454.5,134.45,14545.11
TP-88208,2026-05-14,KUL,BOM,2603.29,15.68,Emirates SkyCargo,Contract,2026-05-16,7625.65,1471.0,215.62,9312.27
TP-88209,2026-03-13,KUL,BOM,2117.39,10.89,Emirates SkyCargo,Spot,2026-03-14,6662.68,1439.94,141.79,8244.41
TP-88210,2026-04-11,KUL,MAA,621.06,4.08,Own Freighter 1,Owned,2026-04-12,1706.47,358.98,84.63,2150.08
TP-88211,2026-01-12,KUL,BOM,3958.01,23.45,Emirates SkyCargo,Spot,2026-01-15,11509.64,2523.29,189.54,14222.47
TP-88212,2026-01-23,KUL,BKK,1051.37,4.87,Turkish Cargo,Spot,2026-01-26,3283.62,627.5,213.61,4124.73
TP-88213,2026-03-11,BKK,MNL,813.3,6.14,Partner Air A,Contract,2026-03-14,2233.48,389.88,204.88,2828.24
TP-88214,2026-01-23,KUL,MAA,3664.73,20.45,Partner Air B,Spot,2026-01-24,9329.87,1531.88,79.89,10941.64
TP-88215,2026-06-24,DEL,BKK,2191.95,11.24,Partner Air A,Spot,2026-06-28,5740.43,860.24,62.06,6662.73
TP-88216,2026-01-03,KUL,MNL,4715.15,34.78,Emirates SkyCargo,Spot,2026-01-05,9940.34,2072.24,128.09,12140.67
TP-88217,2026-01-30,KUL,MNL,323.99,1.5,Own Freighter 1,Owned,2026-02-01,899.04,157.62,104.25,1160.91
TP-88218,2026-06-14,BKK,MNL,2605.92,12.2,Turkish Cargo,Contract,2026-06-16,4751.2,744.03,188.1,5683.33
TP-88219,2026-05-03,BOM,SIN,4551.69,29.95,Own Freighter 3,Owned,2026-05-07,8920.69,1278.69,41.59,10240.97
TP-88220,2026-02-03,KUL,MNL,2968.48,19.99,Own Freighter 1,Owned,2026-02-05,6868.45,1028.83,49.21,7946.49
TP-88221,2026-06-18,KUL,SIN,2154.55,15.93,Own Freighter 1,Owned,2026-06-22,3423.24,562.82,135.19,4121.25
TP-88222,2026-03-12,KUL,BOM,4321.26,25.66,Own Freighter 3,Owned,2026-03-13,12428.83,2687.9,116.48,15233.21
TP-88223,2026-02-06,KUL,MNL,264.83,1.66,MASkargo,Contract,2026-02-07,670.51,113.2,215.39,999.1
TP-88224,2026-03-01,KUL,CGK,2269.57,10.9,Emirates SkyCargo,Spot,2026-03-03,6291.07,938.84,79.59,7309.5
TP-88225,2026-01-07,KUL,MAA,3358.72,18.58,Turkish Cargo,Spot,2026-01-08,10690.43,1609.87,195.37,12495.67
TP-88226,2026-05-29,BOM,SIN,2513.26,18.97,Partner Air A,Spot,2026-05-30,7735.0,1259.42,106.05,9100.47
TP-88227,2026-05-19,KUL,DEL,2651.31,12.8,Own Freighter 2,Owned,2026-05-20,5730.64,1026.18,187.14,6943.96
TP-88228,2026-02-24,BKK,MNL,164.87,0.83,Partner Air B,Spot,2026-02-26,266.16,49.14,73.58,388.88
TP-88229,2026-06-22,KUL,MNL,1626.93,10.42,Own Freighter 1,Owned,2026-06-26,3522.86,617.76,108.76,4249.38
TP-88230,2026-04-06,KUL,SIN,1691.48,12.83,Emirates SkyCargo,Contract,2026-04-08,3157.22,627.24,208.9,3993.36
TP-88231,2026-05-19,BKK,MNL,2962.65,20.64,Partner Air B,Contract,2026-05-20,5208.76,1035.86,181.63,6426.25
TP-88232,2026-06-26,KUL,CGK,2778.7,12.75,Own Freighter 3,Owned,2026-06-27,6088.43,855.09,162.72,7106.24
TP-88233,2026-06-29,KUL,MNL,1022.69,5.81,Turkish Cargo,Contract,2026-07-02,2740.68,501.6,96.24,3338.52
TP-88234,2026-04-19,KUL,BLR,3241.52,20.97,Own Freighter 3,Owned,2026-04-21,6664.73,1199.85,56.7,7921.28
TP-88235,2026-03-12,SIN,CGK,3133.78,20.27,MASkargo,Contract,2026-03-13,6822.55,1498.64,165.29,8486.48
TP-88236,2026-01-31,KUL,CGK,1737.75,10.97,Turkish Cargo,Spot,2026-02-01,4285.11,838.61,139.75,5263.47
TP-88237,2026-02-18,KUL,BKK,1418.52,9.83,Own Freighter 1,Owned,2026-02-20,2608.21,569.48,82.98,3260.67
TP-88238,2026-03-27,KUL,BLR,1715.52,9.53,Turkish Cargo,Spot,2026-03-29,5206.72,806.88,101.23,6114.83
TP-88239,2026-01-02,KUL,CGK,2369.65,11.7,Own Freighter 3,Owned,2026-01-04,4943.11,878.21,162.06,5983.38
TP-88240,2026-06-25,KUL,CGK,3556.92,24.07,Own Freighter 2,Owned,2026-06-29,9301.26,1603.15,184.28,11088.69
TP-88241,2026-04-27,DEL,BKK,2172.23,10.24,Own Freighter 1,Owned,2026-04-30,4974.62,712.3,195.56,5882.48
TP-88242,2026-02-19,KUL,BOM,2804.66,18.71,Own Freighter 1,Owned,2026-02-23,10561.81,1998.79,134.74,12695.34
TP-88243,2026-03-25,KUL,DEL,1177.92,5.92,Own Freighter 1,Owned,2026-03-28,3529.57,699.75,147.72,4377.04
TP-88244,2026-04-13,BKK,MNL,2707.83,14.86,Own Freighter 1,Owned,2026-04-17,5682.22,894.5,201.58,6778.3
TP-88245,2026-04-18,KUL,MAA,2057.87,9.4,Own Freighter 2,Owned,2026-04-21,5313.23,1006.91,60.64,6380.78
TP-88246,2026-01-07,BKK,MNL,2189.12,11.29,Own Freighter 1,Owned,2026-01-11,6364.17,921.42,185.16,7470.75
TP-88247,2026-03-08,KUL,BKK,1742.36,8.43,Turkish Cargo,Contract,2026-03-10,4654.94,774.83,118.32,5548.09
TP-88248,2026-03-19,DEL,BKK,839.89,5.74,Turkish Cargo,Spot,2026-03-23,1277.06,215.99,129.09,1622.14
TP-88249,2026-03-04,SIN,CGK,1211.78,6.48,Emirates SkyCargo,Contract,2026-03-06,3295.49,508.15,216.18,4019.82
TP-88250,2026-01-01,KUL,BLR,1320.63,8.97,Partner Air B,Spot,2026-01-05,2895.07,468.02,151.76,3514.85
TP-88251,2026-02-13,KUL,MAA,4113.46,20.54,Partner Air B,Spot,2026-02-16,10436.71,1592.34,211.99,12241.04
TP-88252,2026-06-26,KUL,MAA,4612.75,25.94,Own Freighter 1,Owned,2026-06-30,12459.18,1993.32,217.58,14670.08
TP-88253,2026-06-26,KUL,MNL,251.61,1.18,Own Freighter 3,Owned,2026-06-28,707.67,102.92,180.39,990.98
TP-88254,2026-06-16,DEL,BKK,4767.22,26.78,Own Freighter 1,Owned,2026-06-20,13244.49,2667.03,114.73,16026.25
TP-88255,2026-02-02,KUL,DEL,2661.35,17.88,Partner Air A,Contract,2026-02-04,9807.21,1629.93,93.34,11530.48
TP-88256,2026-06-04,KUL,BLR,1816.52,11.53,Own Freighter 1,Owned,2026-06-08,5798.53,1004.36,73.91,6876.8
TP-88257,2026-04-06,SIN,CGK,4376.76,23.15,Turkish Cargo,Spot,2026-04-08,8538.22,1414.66,179.9,10132.78
TP-88258,2026-06-07,KUL,CGK,3258.21,18.74,Turkish Cargo,Spot,2026-06-08,5421.26,972.71,188.75,6582.72
TP-88259,2026-04-27,BOM,SIN,3234.1,16.91,Own Freighter 2,Owned,2026-04-29,8523.86,1426.81,131.03,10081.7
TP-88260,2026-06-12,SIN,CGK,4144.07,20.31,Partner Air A,Spot,2026-06-16,7810.07,1674.88,167.48,9652.43
TP-88261,2026-06-06,BOM,SIN,2262.81,10.89,Own Freighter 2,Owned,2026-06-10,3665.04,800.15,203.44,4668.63
TP-88262,2026-03-12,KUL,MNL,4357.0,22.87,Emirates SkyCargo,Spot,2026-03-14,11277.88,1875.58,158.39,13311.85
TP-88263,2026-04-18,DEL,BKK,3941.07,18.71,MASkargo,Spot,2026-04-19,10724.01,1535.56,154.71,12414.28
TP-88264,2026-02-13,KUL,SIN,1650.83,10.74,Turkish Cargo,Spot,2026-02-15,2789.11,520.3,203.13,3512.54
TP-88265,2026-04-04,KUL,CGK,4335.25,24.89,Turkish Cargo,Contract,2026-04-06,13407.92,2220.52,101.06,15729.5
TP-88266,2026-02-04,BKK,MNL,4735.86,35.0,Own Freighter 2,Owned,2026-02-05,8836.39,1556.7,134.6,10527.69
TP-88267,2026-01-25,KUL,CGK,933.59,5.75,Own Freighter 1,Owned,2026-01-27,2929.72,534.17,35.86,3499.75
TP-88268,2026-06-18,KUL,BLR,3440.51,23.2,Own Freighter 2,Owned,2026-06-20,10068.33,1489.13,131.17,11688.63
TP-88269,2026-05-27,KUL,BKK,3127.96,15.2,Partner Air A,Spot,2026-05-29,4774.85,1020.71,73.12,5868.68
TP-88270,2026-05-05,KUL,BKK,1328.43,9.96,Emirates SkyCargo,Spot,2026-05-06,2016.2,393.97,42.73,2452.9
TP-88271,2026-02-17,KUL,MAA,538.78,3.57,MASkargo,Contract,2026-02-18,1443.47,209.87,115.65,1768.99
TP-88272,2026-01-01,KUL,MAA,2766.61,16.77,Emirates SkyCargo,Spot,2026-01-04,7976.97,1607.32,57.13,9641.42
TP-88273,2026-02-11,KUL,MNL,1861.56,11.75,Partner Air A,Spot,2026-02-15,2858.6,584.4,61.64,3504.64
TP-88274,2026-02-03,KUL,BKK,3696.18,23.68,Emirates SkyCargo,Contract,2026-02-04,8602.36,1624.37,176.23,10402.96
TP-88275,2026-05-24,KUL,BOM,893.13,4.09,Own Freighter 3,Owned,2026-05-25,3158.47,483.44,56.91,3698.82
TP-88276,2026-05-06,KUL,DEL,1631.34,11.18,MASkargo,Contract,2026-05-08,3433.59,659.09,164.6,4257.28
TP-88277,2026-02-09,KUL,BOM,2809.38,14.54,Emirates SkyCargo,Contract,2026-02-10,6307.94,927.21,48.95,7284.1
TP-88278,2026-02-18,KUL,BOM,1019.77,7.71,Own Freighter 2,Owned,2026-02-20,2462.48,540.17,65.05,3067.7
TP-88279,2026-03-23,KUL,SIN,1923.78,12.73,Turkish Cargo,Contract,2026-03-27,5731.76,870.95,102.66,6705.37
TP-88280,2026-02-25,KUL,BLR,2086.01,9.92,Emirates SkyCargo,Contract,2026-02-28,3175.0,522.73,64.34,3762.07
TP-88281,2026-03-10,BKK,MNL,461.2,2.63,Own Freighter 3,Owned,2026-03-13,997.24,155.03,177.44,1329.71
TP-88282,2026-04-07,KUL,BKK,2116.91,9.8,MASkargo,Contract,2026-04-10,6121.25,862.32,83.28,7066.85
TP-88283,2026-01-14,KUL,BOM,4184.98,27.95,Own Freighter 1,Owned,2026-01-17,12046.32,2041.92,93.32,14181.56
TP-88284,2026-02-09,KUL,BKK,4588.06,24.62,Partner Air B,Contract,2026-02-11,7955.9,1317.15,106.69,9379.74
TP-88285,2026-03-06,DEL,BKK,1158.15,5.93,Own Freighter 1,Owned,2026-03-09,1784.11,251.54,188.47,2224.12
TP-88286,2026-05-29,KUL,BLR,3381.37,18.71,Partner Air A,Contract,2026-06-02,6642.12,941.88,139.2,7723.2
TP-88287,2026-05-24,KUL,MAA,4577.48,25.63,Emirates SkyCargo,Contract,2026-05-27,10667.8,1691.08,191.96,12550.84
TP-88288,2026-02-10,BKK,MNL,4107.61,28.0,Emirates SkyCargo,Spot,2026-02-12,10167.47,2218.32,181.57,12567.36
TP-88289,2026-01-19,SIN,CGK,461.65,2.4,Partner Air B,Contract,2026-01-23,1047.68,156.64,209.8,1414.12
TP-88290,2026-05-18,KUL,MAA,3189.72,19.55,Turkish Cargo,Contract,2026-05-20,5048.74,943.37,164.17,6156.28
TP-88291,2026-01-28,BOM,SIN,2096.6,14.15,Partner Air B,Spot,2026-01-30,3264.43,570.96,164.88,4000.27
TP-88292,2026-02-04,KUL,MNL,3621.89,19.69,Partner Air B,Spot,2026-02-06,7838.52,1330.58,129.39,9298.49
TP-88293,2026-01-17,KUL,MAA,2761.84,13.75,Own Freighter 2,Owned,2026-01-20,7450.36,1506.19,177.99,9134.54
TP-88294,2026-03-17,BKK,MNL,1033.34,5.8,Turkish Cargo,Contract,2026-03-21,2755.06,542.77,137.29,3435.12
TP-88295,2026-01-25,KUL,SIN,4454.73,26.21,Partner Air B,Spot,2026-01-28,11882.69,1858.35,199.89,13940.93
TP-88296,2026-04-09,KUL,SIN,4105.23,19.85,Own Freighter 2,Owned,2026-04-13,11396.86,1616.55,176.54,13189.95
TP-88297,2026-05-13,SIN,CGK,2935.84,14.11,Turkish Cargo,Contract,2026-05-16,8447.12,1754.23,216.14,10417.49
TP-88298,2026-02-15,BKK,MNL,1490.33,10.65,Emirates SkyCargo,Contract,2026-02-19,3426.9,595.8,66.07,4088.77
TP-88299,2026-02-11,KUL,BKK,3126.63,18.21,Own Freighter 3,Owned,2026-02-14,8700.39,1264.74,104.82,10069.95
TP-88300,2026-01-14,KUL,MAA,1290.95,6.62,Own Freighter 2,Owned,2026-01-15,2255.82,431.32,53.74,2740.88
TP-88301,2026-02-06,KUL,MNL,811.28,4.17,MASkargo,Contract,2026-02-10,2478.86,365.52,106.02,2950.4
TP-88302,2026-06-24,BOM,SIN,1447.19,9.7,Partner Air B,Contract,2026-06-27,3631.79,768.95,76.85,4477.59
TP-88303,2026-03-02,KUL,MAA,1482.07,10.66,Emirates SkyCargo,Contract,2026-03-06,3761.45,576.22,64.45,4402.12
TP-88304,2026-01-22,DEL,BKK,4745.06,26.05,Own Freighter 3,Owned,2026-01-25,12073.41,2483.68,70.57,14627.66
TP-88305,2026-05-04,BKK,MNL,2174.31,15.17,Own Freighter 3,Owned,2026-05-08,3714.7,711.53,209.38,4635.61
TP-88306,2026-03-03,KUL,SIN,2534.45,13.02,MASkargo,Spot,2026-03-06,5935.96,962.98,72.42,6971.36
TP-88307,2026-03-16,BOM,SIN,2655.38,15.74,Own Freighter 3,Owned,2026-03-18,7394.74,1061.6,96.53,8552.87
TP-88308,2026-03-12,KUL,BOM,2638.95,12.31,MASkargo,Contract,2026-03-16,9432.62,2029.84,38.02,11500.48
TP-88309,2026-01-17,KUL,BKK,3770.79,22.02,Own Freighter 1,Owned,2026-01-21,10748.73,2316.88,213.55,13279.16
TP-88310,2026-06-14,KUL,CGK,1865.25,8.54,Own Freighter 1,Owned,2026-06-15,5651.61,807.67,69.79,6529.07
TP-88311,2026-02-17,KUL,CGK,3459.87,16.55,Partner Air B,Contract,2026-02-19,10304.04,2210.35,146.54,12660.93
TP-88312,2026-06-18,KUL,BOM,1699.69,12.11,MASkargo,Contract,2026-06-19,5535.27,835.56,52.45,6423.28
TP-88313,2026-02-18,DEL,BKK,3622.55,19.36,Turkish Cargo,Contract,2026-02-19,9691.08,1803.79,185.67,11680.54
TP-88314,2026-04-10,KUL,BKK,1792.28,9.47,MASkargo,Contract,2026-04-14,5339.05,1113.99,157.53,6610.57
TP-88315,2026-04-14,KUL,MNL,244.39,1.34,Turkish Cargo,Spot,2026-04-17,602.22,126.94,79.63,808.79
TP-88316,2026-03-13,KUL,BOM,3140.04,18.64,Partner Air B,Contract,2026-03-14,11162.66,2360.32,52.29,13575.27
TP-88317,2026-04-02,KUL,CGK,3652.97,26.14,Partner Air A,Contract,2026-04-04,8934.02,1368.19,171.7,10473.91
TP-88318,2026-06-29,KUL,BKK,3928.59,27.55,Own Freighter 1,Owned,2026-07-03,7670.33,1393.09,137.67,9201.09
TP-88319,2026-06-28,KUL,BKK,3108.56,16.35,Own Freighter 3,Owned,2026-06-29,7400.0,1405.91,48.22,8854.13
TP-88320,2026-05-03,BOM,SIN,1485.4,8.99,MASkargo,Contract,2026-05-04,3546.8,714.46,62.86,4324.12
TP-88321,2026-02-01,BOM,SIN,4289.45,20.56,Own Freighter 3,Owned,2026-02-05,13108.13,2609.57,83.4,15801.1
TP-88322,2026-03-16,KUL,MAA,4546.36,25.97,Turkish Cargo,Spot,2026-03-18,11701.31,1784.84,210.04,13696.19
TP-88323,2026-03-12,KUL,SIN,1691.71,8.18,MASkargo,Contract,2026-03-14,5334.32,945.53,188.87,6468.72
TP-88324,2026-01-20,BKK,MNL,4596.38,28.57,Emirates SkyCargo,Contract,2026-01-21,14068.7,2658.28,128.4,16855.38
TP-88325,2026-05-31,KUL,DEL,797.72,3.82,Turkish Cargo,Spot,2026-06-03,3007.28,467.86,185.77,3660.91
TP-88326,2026-05-14,KUL,DEL,4264.96,22.44,Turkish Cargo,Contract,2026-05-16,10640.27,1828.28,147.37,12615.92
TP-88327,2026-06-26,KUL,BLR,3376.95,16.43,Partner Air B,Contract,2026-06-30,8542.53,1228.41,103.12,9874.06
TP-88328,2026-03-17,KUL,BKK,3779.46,19.71,MASkargo,Spot,2026-03-18,10656.78,1858.44,139.32,12654.54
TP-88329,2026-02-18,KUL,SIN,3903.63,29.06,Partner Air B,Spot,2026-02-21,7937.18,1325.1,205.91,9468.19
TP-88330,2026-04-07,KUL,BOM,2604.33,13.02,MASkargo,Spot,2026-04-11,7807.28,1267.43,89.21,9163.92
TP-88331,2026-04-12,KUL,DEL,4505.07,32.53,Partner Air A,Contract,2026-04-15,14070.74,2265.73,214.5,16550.97
TP-88332,2026-03-14,KUL,MNL,4776.42,27.6,Emirates SkyCargo,Contract,2026-03-16,9085.05,1420.82,81.27,10587.14
TP-88333,2026-04-14,KUL,DEL,4153.2,30.41,Own Freighter 1,Owned,2026-04-16,11487.37,2435.61,130.88,14053.86
TP-88334,2026-02-14,SIN,CGK,488.3,2.64,Partner Air B,Spot,2026-02-15,1206.13,200.45,108.62,1515.2
TP-88335,2026-06-11,BOM,SIN,456.98,2.46,Own Freighter 3,Owned,2026-06-13,750.74,125.93,150.82,1027.49
TP-88336,2026-05-10,KUL,MAA,2462.1,12.49,Own Freighter 1,Owned,2026-05-14,7232.1,1496.78,58.96,8787.84
TP-88337,2026-03-10,KUL,CGK,1318.11,6.35,Partner Air B,Spot,2026-03-14,4070.58,697.92,144.82,4913.32
TP-88338,2026-01-28,BOM,SIN,2753.69,12.73,Own Freighter 1,Owned,2026-01-31,5961.94,1009.14,211.05,7182.13
TP-88339,2026-02-08,KUL,MNL,3391.64,21.86,Turkish Cargo,Spot,2026-02-09,8796.66,1308.31,210.82,10315.79
TP-88340,2026-03-28,SIN,CGK,3557.93,19.47,Turkish Cargo,Spot,2026-03-31,7889.14,1334.03,195.36,9418.53
TP-88341,2026-05-06,BKK,MNL,819.94,5.04,Partner Air B,Contract,2026-05-09,2572.37,502.2,208.28,3282.85
TP-88342,2026-03-10,SIN,CGK,2399.83,11.46,Own Freighter 3,Owned,2026-03-11,5145.59,1075.53,209.3,6430.42
TP-88343,2026-02-11,KUL,BKK,3908.32,23.9,Emirates SkyCargo,Contract,2026-02-15,7788.24,1677.21,140.64,9606.09
TP-88344,2026-04-02,BOM,SIN,1008.65,5.11,Partner Air A,Contract,2026-04-06,2605.97,447.05,46.26,3099.28
TP-88345,2026-01-07,SIN,CGK,580.01,2.73,MASkargo,Contract,2026-01-11,1066.07,172.89,195.55,1434.51
TP-88346,2026-01-31,KUL,DEL,3021.41,14.13,Partner Air A,Spot,2026-02-04,5541.35,836.07,98.44,6475.86
TP-88347,2026-06-20,BKK,MNL,2795.25,20.3,Own Freighter 3,Owned,2026-06-24,5833.42,1180.32,142.94,7156.68
TP-88348,2026-06-01,KUL,MAA,254.07,1.88,Own Freighter 1,Owned,2026-06-04,479.67,72.01,87.06,638.74
TP-88349,2026-05-12,KUL,BOM,720.26,4.85,Own Freighter 2,Owned,2026-05-13,1574.26,321.92,171.29,2067.47
TP-88350,2026-01-02,BOM,SIN,1702.0,8.48,Partner Air B,Spot,2026-01-03,5445.7,1112.51,178.75,6736.96
TP-88351,2026-03-07,KUL,DEL,2989.1,21.66,Own Freighter 3,Owned,2026-03-08,8299.78,1698.36,90.06,10088.2
TP-88352,2026-02-10,KUL,DEL,3222.52,18.42,Emirates SkyCargo,Spot,2026-02-11,9965.59,1898.11,157.18,12020.88
TP-88353,2026-03-11,DEL,BKK,3830.3,21.76,Own Freighter 3,Owned,2026-03-13,9651.72,1678.22,202.21,11532.15
TP-88354,2026-01-17,KUL,SIN,2214.35,14.84,Partner Air A,Contract,2026-01-18,3897.29,651.01,106.4,4654.7
TP-88355,2026-04-15,BKK,MNL,4309.16,20.32,Own Freighter 2,Owned,2026-04-17,8967.1,1959.14,43.1,10969.34
TP-88356,2026-01-17,BKK,MNL,3741.66,19.54,MASkargo,Spot,2026-01-20,6418.9,1031.49,134.57,7584.96
TP-88357,2026-02-28,KUL,DEL,4021.24,23.58,Partner Air A,Spot,2026-03-03,11455.96,2310.71,184.39,13951.06
TP-88358,2026-03-23,KUL,MNL,4636.12,21.87,Partner Air B,Contract,2026-03-27,8469.68,1528.89,147.59,10146.16
TP-88359,2026-03-06,BOM,SIN,2630.35,14.03,Emirates SkyCargo,Spot,2026-03-10,6257.65,1070.43,46.09,7374.17
TP-88360,2026-01-20,KUL,MAA,834.83,4.4,Own Freighter 1,Owned,2026-01-24,1409.65,215.92,72.72,1698.29
TP-88361,2026-06-14,SIN,CGK,3305.11,19.64,Emirates SkyCargo,Contract,2026-06-18,5892.38,904.94,70.45,6867.77
TP-88362,2026-03-13,KUL,SIN,1331.58,6.48,Own Freighter 1,Owned,2026-03-17,4072.69,881.5,83.41,5037.6
TP-88363,2026-02-05,SIN,CGK,1330.14,6.58,Partner Air B,Spot,2026-02-07,2521.06,516.36,194.44,3231.86
TP-88364,2026-04-09,KUL,BLR,715.92,3.49,Partner Air A,Contract,2026-04-10,1740.52,357.55,70.03,2168.1
TP-88365,2026-02-16,KUL,MAA,166.31,1.0,Own Freighter 1,Owned,2026-02-20,480.56,78.0,95.94,654.5
TP-88366,2026-03-10,DEL,BKK,3741.78,17.41,Own Freighter 2,Owned,2026-03-12,8598.75,1563.45,37.78,10199.98
TP-88367,2026-04-05,DEL,BKK,4495.54,20.92,Own Freighter 3,Owned,2026-04-06,13932.88,2824.43,101.82,16859.13
TP-88368,2026-05-12,KUL,CGK,2882.5,18.57,Partner Air B,Spot,2026-05-15,6525.33,1336.99,198.1,8060.42
TP-88369,2026-01-23,KUL,DEL,2407.46,18.33,Own Freighter 3,Owned,2026-01-27,7409.71,1578.22,130.59,9118.52
TP-88370,2026-03-07,KUL,BLR,4363.14,21.69,Partner Air B,Contract,2026-03-11,12700.93,2442.28,197.29,15340.5
TP-88371,2026-04-23,KUL,CGK,1340.56,8.55,Own Freighter 2,Owned,2026-04-27,3751.82,772.53,97.42,4621.77
TP-88372,2026-05-19,KUL,SIN,370.56,2.8,Own Freighter 3,Owned,2026-05-23,766.24,134.58,117.2,1018.02
TP-88373,2026-06-08,BKK,MNL,1874.91,9.43,MASkargo,Spot,2026-06-11,3557.59,730.75,207.45,4495.79
TP-88374,2026-02-18,BKK,MNL,4077.04,24.72,MASkargo,Spot,2026-02-21,9329.42,1717.17,207.19,11253.78
TP-88375,2026-01-16,KUL,DEL,2045.14,10.42,Own Freighter 2,Owned,2026-01-20,5617.4,1209.12,37.41,6863.93
TP-88376,2026-05-27,KUL,DEL,335.23,2.28,Own Freighter 2,Owned,2026-05-31,1195.24,207.66,160.2,1563.1
TP-88377,2026-02-13,BKK,MNL,610.23,3.15,Own Freighter 3,Owned,2026-02-14,1740.34,344.67,66.62,2151.63
TP-88378,2026-03-02,KUL,CGK,2376.19,12.7,Turkish Cargo,Spot,2026-03-05,6656.89,1304.41,193.74,8155.04
TP-88379,2026-03-12,KUL,DEL,4507.54,20.67,Emirates SkyCargo,Contract,2026-03-13,14270.57,2247.92,59.27,16577.76
TP-88380,2026-05-01,KUL,BOM,1538.2,8.74,Emirates SkyCargo,Spot,2026-05-02,5392.27,772.55,209.8,6374.62
TP-88381,2026-04-03,KUL,MAA,1831.77,10.1,Own Freighter 2,Owned,2026-04-07,3691.81,601.6,176.17,4469.58
TP-88382,2026-03-09,KUL,MAA,1175.8,6.82,Own Freighter 3,Owned,2026-03-11,2882.47,589.18,199.16,3670.81
TP-88383,2026-04-11,KUL,MNL,1947.97,10.33,Turkish Cargo,Contract,2026-04-12,5333.2,1078.13,105.73,6517.06
TP-88384,2026-02-20,DEL,BKK,1302.33,7.45,Partner Air A,Spot,2026-02-22,3940.0,848.19,186.07,4974.26
TP-88385,2026-02-11,SIN,CGK,4194.08,21.44,Partner Air A,Spot,2026-02-15,12948.76,2513.83,162.93,15625.52
TP-88386,2026-03-21,KUL,BOM,1016.33,7.09,Emirates SkyCargo,Spot,2026-03-23,2743.08,569.83,71.05,3383.96
TP-88387,2026-06-13,KUL,SIN,3373.5,24.27,MASkargo,Spot,2026-06-15,9732.41,1539.15,148.95,11420.51
TP-88388,2026-05-22,SIN,CGK,1183.52,8.48,Own Freighter 3,Owned,2026-05-25,3712.31,721.01,151.94,4585.26
TP-88389,2026-03-16,DEL,BKK,1329.97,6.67,Turkish Cargo,Spot,2026-03-18,2343.07,433.04,159.02,2935.13
TP-88390,2026-05-24,SIN,CGK,1656.41,8.32,Partner Air B,Spot,2026-05-27,2522.78,486.39,75.65,3084.82
TP-88391,2026-03-29,SIN,CGK,1684.26,7.8,Own Freighter 1,Owned,2026-03-31,3304.1,613.13,159.05,4076.28
TP-88392,2026-02-25,KUL,BLR,495.0,3.51,Turkish Cargo,Spot,2026-02-28,1101.28,232.87,77.79,1411.94
TP-88393,2026-04-01,KUL,BOM,4066.07,21.12,Partner Air B,Spot,2026-04-05,13514.96,2417.87,104.96,16037.79
TP-88394,2026-04-30,DEL,BKK,3493.42,18.94,Partner Air A,Spot,2026-05-04,6304.64,1059.06,64.88,7428.58
TP-88395,2026-02-25,KUL,BLR,4745.72,24.17,Emirates SkyCargo,Spot,2026-02-27,12515.95,2286.09,177.55,14979.59
TP-88396,2026-01-28,KUL,CGK,784.08,5.45,Own Freighter 2,Owned,2026-02-01,1329.14,264.11,120.37,1713.62
TP-88397,2026-01-23,SIN,CGK,3156.84,24.01,Partner Air B,Contract,2026-01-25,9953.12,1742.32,87.92,11783.36
TP-88398,2026-04-13,KUL,CGK,2817.32,18.25,Partner Air B,Contract,2026-04-17,4742.32,741.47,36.84,5520.63
TP-88399,2026-01-12,KUL,SIN,740.81,3.63,Emirates SkyCargo,Contract,2026-01-14,1484.0,215.84,214.86,1914.7
TP-88400,2026-01-28,KUL,MAA,3043.69,19.94,Partner Air A,Contract,2026-01-30,8872.62,1906.35,68.83,10847.8
TP-88401,2026-02-15,KUL,CGK,2931.53,16.73,Turkish Cargo,Contract,2026-02-19,8061.33,1707.33,55.24,9823.9
TP-88402,2026-05-08,BOM,SIN,2514.87,17.62,MASkargo,Spot,2026-05-09,6252.44,1040.7,85.13,7378.27
TP-88403,2026-02-04,DEL,BKK,279.16,1.35,Own Freighter 2,Owned,2026-02-08,593.8,117.58,64.17,775.55
TP-88404,2026-02-14,KUL,BOM,3786.82,19.71,Turkish Cargo,Spot,2026-02-15,9529.38,1559.82,157.61,11246.81
TP-88405,2026-03-14,KUL,DEL,908.39,6.04,Emirates SkyCargo,Contract,2026-03-16,2068.76,325.53,214.93,2609.22
TP-88406,2026-02-22,BOM,SIN,4251.37,24.01,Own Freighter 2,Owned,2026-02-26,10002.3,2114.85,159.54,12276.69
TP-88407,2026-03-10,SIN,CGK,1300.23,8.25,Emirates SkyCargo,Spot,2026-03-12,2116.26,317.85,147.24,2581.35
TP-88408,2026-05-08,SIN,CGK,1335.33,7.19,Partner Air A,Contract,2026-05-11,2801.93,530.75,140.63,3473.31
TP-88409,2026-05-02,BKK,MNL,1367.89,6.64,Turkish Cargo,Contract,2026-05-03,4039.16,886.95,137.37,5063.48
TP-88410,2026-04-21,KUL,MNL,2237.04,13.56,Own Freighter 3,Owned,2026-04-24,3552.5,713.67,204.09,4470.26
TP-88411,2026-03-15,BOM,SIN,3334.01,21.91,Partner Air A,Contract,2026-03-18,6846.91,1285.73,146.14,8278.78
TP-88412,2026-05-23,KUL,CGK,1642.58,10.27,Turkish Cargo,Spot,2026-05-27,4349.03,801.66,66.63,5217.32
TP-88413,2026-05-11,KUL,BLR,2634.57,12.86,Partner Air A,Contract,2026-05-15,4947.24,742.01,75.29,5764.54
TP-88414,2026-03-25,KUL,BKK,3539.56,17.91,Emirates SkyCargo,Spot,2026-03-26,8213.45,1679.34,129.69,10022.48
TP-88415,2026-06-07,SIN,CGK,3517.52,20.07,Own Freighter 1,Owned,2026-06-08,8761.53,1533.65,138.79,10433.97
TP-88416,2026-05-18,KUL,MAA,680.46,3.15,Own Freighter 1,Owned,2026-05-22,1115.45,178.09,217.42,1510.96
TP-88417,2026-02-02,BOM,SIN,4115.67,20.19,MASkargo,Contract,2026-02-03,13063.51,2150.12,154.57,15368.2
TP-88418,2026-05-30,KUL,BKK,2416.15,18.12,Partner Air A,Contract,2026-06-01,4387.95,736.02,197.29,5321.26
TP-88419,2026-05-24,SIN,CGK,2692.91,12.44,Partner Air A,Spot,2026-05-28,4659.08,1017.59,36.53,5713.2
TP-88420,2026-01-28,KUL,BOM,3672.65,17.81,Partner Air A,Spot,2026-01-30,12682.84,2608.36,178.5,15469.7
TP-88421,2026-01-22,KUL,BKK,2992.14,14.6,Emirates SkyCargo,Contract,2026-01-24,8171.76,1376.84,120.44,9669.04
TP-88422,2026-06-15,BKK,MNL,3281.54,16.26,Own Freighter 2,Owned,2026-06-16,5884.02,870.68,133.71,6888.41
TP-88423,2026-06-07,KUL,BKK,2295.88,11.19,Emirates SkyCargo,Contract,2026-06-11,4183.46,846.3,156.05,5185.81
TP-88424,2026-03-07,KUL,BLR,1574.73,7.25,Partner Air B,Contract,2026-03-11,3451.82,754.77,61.77,4268.36
TP-88425,2026-02-04,SIN,CGK,1407.12,10.06,Emirates SkyCargo,Contract,2026-02-06,2935.83,573.55,143.1,3652.48
TP-88426,2026-05-06,KUL,DEL,1505.83,8.51,Partner Air A,Spot,2026-05-09,5221.95,785.64,115.88,6123.47
TP-88427,2026-01-24,DEL,BKK,714.13,4.39,Turkish Cargo,Spot,2026-01-25,1215.8,247.86,39.28,1502.94
TP-88428,2026-03-03,KUL,CGK,1441.46,9.12,Partner Air B,Contract,2026-03-04,3169.62,556.96,104.39,3830.97
TP-88429,2026-03-30,KUL,BKK,4780.22,24.16,Turkish Cargo,Contract,2026-04-01,7311.7,1196.0,64.5,8572.2
TP-88430,2026-04-08,KUL,MNL,3523.14,16.81,Own Freighter 2,Owned,2026-04-09,11098.23,1824.96,67.88,12991.07
TP-88431,2026-05-20,KUL,MAA,2205.29,10.71,MASkargo,Contract,2026-05-24,6518.04,1053.09,150.36,7721.49
TP-88432,2026-04-02,DEL,BKK,910.87,4.61,Emirates SkyCargo,Contract,2026-04-04,1763.92,357.82,38.18,2159.92
TP-88433,2026-02-17,KUL,BOM,1299.18,7.4,MASkargo,Contract,2026-02-18,2375.93,467.25,44.43,2887.61
TP-88434,2026-05-29,KUL,BOM,3163.27,23.88,Emirates SkyCargo,Spot,2026-05-31,10963.5,2092.83,186.97,13243.3
TP-88435,2026-05-12,BKK,MNL,666.47,3.66,Own Freighter 2,Owned,2026-05-15,1697.14,370.11,63.61,2130.86
TP-88436,2026-06-28,KUL,CGK,3630.84,22.01,Turkish Cargo,Contract,2026-06-30,10862.39,1644.16,94.54,12601.09
TP-88437,2026-04-14,KUL,MNL,3465.06,17.36,Emirates SkyCargo,Spot,2026-04-17,6641.19,1284.54,208.11,8133.84
TP-88438,2026-02-06,KUL,BLR,320.55,1.67,Own Freighter 3,Owned,2026-02-10,516.06,76.45,120.23,712.74
TP-88439,2026-06-04,KUL,CGK,733.02,4.35,Partner Air B,Contract,2026-06-06,2212.47,386.07,128.23,2726.77
TP-88440,2026-01-03,KUL,MNL,1611.36,11.05,Own Freighter 3,Owned,2026-01-07,4284.73,852.79,111.13,5248.65
TP-88441,2026-04-19,KUL,BOM,4592.4,22.38,Own Freighter 2,Owned,2026-04-22,8200.99,1531.63,184.2,9916.82
TP-88442,2026-03-06,KUL,SIN,4413.21,23.46,Own Freighter 3,Owned,2026-03-08,9446.25,1491.66,55.93,10993.84
TP-88443,2026-04-27,KUL,SIN,4163.01,31.3,Own Freighter 1,Owned,2026-05-01,10157.91,1668.92,215.79,12042.62
TP-88444,2026-05-29,KUL,MAA,2494.97,16.88,Partner Air A,Spot,2026-05-31,6093.85,1126.27,163.6,7383.72
TP-88445,2026-04-28,KUL,BLR,1586.8,7.51,Emirates SkyCargo,Contract,2026-04-30,3382.87,516.92,202.69,4102.48
TP-88446,2026-02-05,KUL,CGK,1407.74,7.53,MASkargo,Contract,2026-02-06,2568.83,504.55,46.62,3120.0
TP-88447,2026-02-20,DEL,BKK,4621.64,32.51,Own Freighter 1,Owned,2026-02-22,13851.36,2778.64,143.95,16773.95
TP-88448,2026-01-05,KUL,SIN,3589.4,26.04,Own Freighter 1,Owned,2026-01-07,7007.99,1251.49,156.82,8416.3
TP-88449,2026-05-27,DEL,BKK,963.76,4.71,MASkargo,Contract,2026-05-30,1464.39,206.59,164.9,1835.88
TP-88450,2026-05-02,KUL,DEL,4686.62,31.67,MASkargo,Spot,2026-05-04,16477.4,2822.15,75.4,19374.95
TP-88451,2026-04-10,KUL,BOM,1772.69,11.29,Own Freighter 3,Owned,2026-04-14,6337.82,1033.17,204.35,7575.34
TP-88452,2026-01-11,KUL,SIN,4252.25,31.04,Turkish Cargo,Spot,2026-01-14,8453.27,1331.69,91.92,9876.88
TP-88453,2026-04-20,SIN,CGK,382.09,1.78,Own Freighter 3,Owned,2026-04-22,890.59,170.82,110.95,1172.36
TP-88454,2026-04-26,KUL,SIN,2360.51,13.69,Own Freighter 3,Owned,2026-04-27,6332.83,1178.85,55.35,7567.03
TP-88455,2026-05-21,KUL,BOM,4488.52,23.01,Emirates SkyCargo,Spot,2026-05-24,9592.73,1483.74,110.91,11187.38
TP-88456,2026-04-15,KUL,DEL,1967.01,11.82,Own Freighter 3,Owned,2026-04-17,4218.76,611.28,47.9,4877.94
TP-88457,2026-02-10,KUL,MNL,290.46,1.45,Partner Air A,Contract,2026-02-11,790.21,148.01,162.09,1100.31
TP-88458,2026-03-04,SIN,CGK,3924.51,18.2,Emirates SkyCargo,Contract,2026-03-05,10539.42,2135.55,163.34,12838.31
TP-88459,2026-06-14,KUL,SIN,3157.83,18.51,Emirates SkyCargo,Spot,2026-06-16,8126.01,1195.38,112.51,9433.9
TP-88460,2026-01-16,BKK,MNL,1312.15,6.19,Own Freighter 1,Owned,2026-01-18,2808.56,564.19,35.14,3407.89
TP-88461,2026-02-14,SIN,CGK,777.23,5.94,Turkish Cargo,Spot,2026-02-16,1232.57,197.86,146.89,1577.32
TP-88462,2026-01-18,KUL,DEL,1496.61,8.97,Emirates SkyCargo,Spot,2026-01-19,2798.12,610.86,164.2,3573.18
TP-88463,2026-05-15,KUL,BOM,2152.35,10.99,MASkargo,Contract,2026-05-17,5248.31,936.42,175.17,6359.9
TP-88464,2026-03-21,KUL,MNL,1429.04,9.38,Own Freighter 2,Owned,2026-03-25,3233.26,594.91,35.02,3863.19
TP-88465,2026-01-30,SIN,CGK,4436.49,25.17,Partner Air A,Spot,2026-02-02,7008.39,1256.97,122.47,8387.83
TP-88466,2026-05-22,BOM,SIN,2006.93,14.03,MASkargo,Contract,2026-05-26,6246.54,1188.51,163.27,7598.32
TP-88467,2026-04-07,KUL,MAA,616.21,3.15,Own Freighter 2,Owned,2026-04-11,1275.55,206.71,97.62,1579.88
TP-88468,2026-03-11,DEL,BKK,2108.69,10.72,Turkish Cargo,Contract,2026-03-12,6004.58,1226.81,219.59,7450.98
TP-88469,2026-01-08,SIN,CGK,815.71,4.44,Own Freighter 1,Owned,2026-01-10,1411.12,266.23,97.71,1775.06
TP-88470,2026-04-05,SIN,CGK,844.75,5.66,Emirates SkyCargo,Contract,2026-04-09,1975.57,354.82,93.26,2423.65
TP-88471,2026-03-23,SIN,CGK,3378.94,15.4,Own Freighter 2,Owned,2026-03-27,10740.89,1905.47,45.07,12691.43
TP-88472,2026-05-03,BKK,MNL,4091.18,26.99,Turkish Cargo,Spot,2026-05-07,11709.74,1722.46,84.09,13516.29
TP-88473,2026-04-12,KUL,SIN,4496.69,28.3,Own Freighter 3,Owned,2026-04-14,13592.63,2403.38,149.2,16145.21
TP-88474,2026-03-26,KUL,BOM,4068.75,23.58,Emirates SkyCargo,Spot,2026-03-29,12833.76,1926.95,106.97,14867.68
TP-88475,2026-03-18,BKK,MNL,3534.85,19.22,Turkish Cargo,Contract,2026-03-22,6097.16,1095.57,38.42,7231.15
TP-88476,2026-05-10,BKK,MNL,2136.71,11.3,Partner Air A,Contract,2026-05-13,5345.56,1013.61,93.27,6452.44
TP-88477,2026-01-18,KUL,MNL,1953.89,11.13,Own Freighter 1,Owned,2026-01-19,3095.17,606.04,217.68,3918.89
TP-88478,2026-03-26,KUL,MNL,2471.57,14.82,Own Freighter 1,Owned,2026-03-27,7601.42,1640.09,94.66,9336.17
TP-88479,2026-06-09,KUL,DEL,1537.09,10.99,Own Freighter 1,Owned,2026-06-11,5608.59,854.25,74.25,6537.09
TP-88480,2026-04-10,KUL,CGK,2983.68,15.56,Own Freighter 3,Owned,2026-04-13,7146.71,1171.39,204.16,8522.26
TP-88481,2026-02-10,BKK,MNL,1086.82,6.48,Own Freighter 2,Owned,2026-02-12,2555.62,512.07,58.89,3126.58
TP-88482,2026-03-02,KUL,SIN,770.86,4.03,MASkargo,Spot,2026-03-05,2106.29,331.96,122.65,2560.9
TP-88483,2026-01-30,KUL,SIN,4500.79,22.61,Emirates SkyCargo,Contract,2026-02-03,12767.83,2403.04,151.93,15322.8
TP-88484,2026-06-23,KUL,BLR,4358.57,23.89,Partner Air B,Spot,2026-06-26,9186.6,1759.2,132.09,11077.89
TP-88485,2026-04-26,KUL,BLR,3023.28,15.14,Own Freighter 1,Owned,2026-04-30,7298.61,1531.95,61.29,8891.85
TP-88486,2026-01-10,KUL,BKK,785.68,4.25,Partner Air A,Spot,2026-01-13,2286.94,380.81,103.13,2770.88
TP-88487,2026-01-17,KUL,MAA,2205.08,15.58,Own Freighter 2,Owned,2026-01-20,4569.67,986.43,201.05,5757.15
TP-88488,2026-02-02,BKK,MNL,2642.47,17.05,Turkish Cargo,Contract,2026-02-06,5260.22,1004.46,79.65,6344.33
TP-88489,2026-02-04,KUL,DEL,3839.47,24.99,MASkargo,Spot,2026-02-07,13252.33,1997.01,164.31,15413.65
TP-88490,2026-03-18,KUL,BOM,2976.53,21.89,Turkish Cargo,Contract,2026-03-20,5425.65,1162.08,214.22,6801.95
TP-88491,2026-03-12,KUL,CGK,1907.56,13.79,Own Freighter 1,Owned,2026-03-16,5257.6,771.27,162.03,6190.9
TP-88492,2026-03-06,KUL,BOM,1214.11,8.51,Emirates SkyCargo,Spot,2026-03-09,3321.38,574.61,151.79,4047.78
TP-88493,2026-04-13,KUL,BOM,2123.53,11.55,Partner Air B,Contract,2026-04-15,4822.95,1002.71,131.07,5956.73
TP-88494,2026-04-16,KUL,CGK,3308.63,16.47,Own Freighter 3,Owned,2026-04-20,6837.4,1075.7,69.35,7982.45
TP-88495,2026-05-11,SIN,CGK,431.69,2.3,Partner Air A,Spot,2026-05-15,1319.85,228.76,54.47,1603.08
TP-88496,2026-06-28,SIN,CGK,4493.15,31.0,Partner Air A,Spot,2026-06-30,14003.05,2794.95,136.2,16934.2
TP-88497,2026-01-25,KUL,DEL,1423.49,6.75,Own Freighter 2,Owned,2026-01-26,4271.57,876.36,212.4,5360.33
TP-88498,2026-02-25,KUL,DEL,1988.66,14.55,Own Freighter 2,Owned,2026-03-01,5804.4,1047.41,158.01,7009.82
TP-88499,2026-05-20,KUL,MNL,573.81,3.74,MASkargo,Contract,2026-05-22,1251.35,272.83,141.99,1666.17
TP-88500,2026-01-16,KUL,SIN,1124.31,7.42,Emirates SkyCargo,Spot,2026-01-17,2063.92,359.2,163.64,2586.76
TP-88501,2026-01-10,KUL,BOM,4418.56,27.12,Partner Air B,Contract,2026-01-12,12246.61,2316.73,55.57,14618.91
TP-88502,2026-03-17,BOM,SIN,4272.28,31.57,Own Freighter 2,Owned,2026-03-20,12594.49,1948.85,153.06,14696.4
TP-88503,2026-01-26,KUL,MNL,2409.26,12.19,Emirates SkyCargo,Contract,2026-01-28,5810.43,817.04,110.41,6737.88
TP-88504,2026-04-26,KUL,MNL,2964.83,14.93,MASkargo,Contract,2026-04-28,5031.01,854.48,179.62,6065.11
TP-88505,2026-06-17,KUL,BOM,1371.26,8.03,MASkargo,Spot,2026-06-21,3718.69,642.59,119.01,4480.29
TP-88506,2026-04-06,KUL,MNL,2214.84,10.75,Emirates SkyCargo,Contract,2026-04-07,3485.04,599.17,61.62,4145.83
TP-88507,2026-01-08,DEL,BKK,1936.4,14.63,Own Freighter 1,Owned,2026-01-10,5650.35,1045.58,105.08,6801.01
TP-88508,2026-04-15,KUL,BOM,2307.65,13.09,Own Freighter 2,Owned,2026-04-17,8378.59,1291.53,57.06,9727.18
TP-88509,2026-04-01,KUL,CGK,4659.7,34.45,MASkargo,Contract,2026-04-02,9438.12,1870.33,142.18,11450.63
TP-88510,2026-06-18,KUL,SIN,2339.83,13.11,Own Freighter 1,Owned,2026-06-22,7075.09,1227.15,58.13,8360.37
TP-88511,2026-02-09,DEL,BKK,483.0,2.38,Partner Air A,Contract,2026-02-10,837.86,172.18,130.61,1140.65
TP-88512,2026-02-11,KUL,CGK,3406.53,16.43,Emirates SkyCargo,Spot,2026-02-14,7385.23,1142.64,117.35,8645.22
TP-88513,2026-06-22,KUL,SIN,402.2,2.41,Partner Air A,Spot,2026-06-24,891.63,133.84,117.75,1143.22
TP-88514,2026-06-21,KUL,BKK,803.91,4.09,Emirates SkyCargo,Contract,2026-06-24,2385.13,520.82,131.24,3037.19
TP-88515,2026-06-28,KUL,BOM,1111.83,6.33,Turkish Cargo,Contract,2026-06-30,1987.4,331.59,160.28,2479.27
TP-88516,2026-01-11,KUL,BKK,3053.76,13.99,Own Freighter 3,Owned,2026-01-14,4643.05,992.56,130.52,5766.13
TP-88517,2026-04-19,BOM,SIN,674.63,3.58,Partner Air A,Spot,2026-04-20,1664.23,295.57,188.85,2148.65
TP-88518,2026-03-23,KUL,MNL,473.79,2.29,Partner Air B,Spot,2026-03-25,1009.48,200.98,46.33,1256.79
TP-88519,2026-02-19,KUL,SIN,1522.7,9.79,Own Freighter 3,Owned,2026-02-20,3035.43,477.56,160.39,3673.38
TP-88520,2026-03-04,SIN,CGK,2109.2,11.28,MASkargo,Spot,2026-03-06,5897.0,983.42,180.89,7061.31
TP-88521,2026-06-23,KUL,MNL,4017.66,25.05,Own Freighter 2,Owned,2026-06-26,11574.61,1641.69,73.42,13289.72
TP-88522,2026-02-06,KUL,BKK,2454.11,13.71,Partner Air A,Contract,2026-02-07,4159.03,899.8,72.54,5131.37
TP-88523,2026-02-16,DEL,BKK,3056.22,18.19,Own Freighter 2,Owned,2026-02-17,4847.08,965.38,44.13,5856.59
TP-88524,2026-05-02,KUL,BKK,4793.95,30.13,Own Freighter 2,Owned,2026-05-04,13168.31,2218.57,40.32,15427.2
TP-88525,2026-05-03,DEL,BKK,2383.27,12.79,Partner Air A,Spot,2026-05-04,4191.93,695.09,146.6,5033.62
TP-88526,2026-03-12,KUL,BLR,944.76,4.92,Turkish Cargo,Contract,2026-03-13,2628.51,372.82,157.39,3158.72
TP-88527,2026-03-12,SIN,CGK,1568.6,12.03,Partner Air B,Spot,2026-03-15,4875.62,1057.44,102.98,6036.04
TP-88528,2026-06-05,BOM,SIN,1501.88,11.51,Partner Air B,Contract,2026-06-08,2658.95,560.26,110.57,3329.78
TP-88529,2026-01-08,BOM,SIN,444.98,2.03,Partner Air B,Contract,2026-01-11,771.64,142.54,99.97,1014.15
TP-88530,2026-04-13,KUL,SIN,1814.56,8.51,Own Freighter 1,Owned,2026-04-17,5451.6,1119.59,62.56,6633.75
TP-88531,2026-02-04,KUL,MAA,2353.66,14.69,Own Freighter 2,Owned,2026-02-07,5706.42,848.04,119.29,6673.75
TP-88532,2026-03-26,BKK,MNL,3503.13,22.32,Own Freighter 3,Owned,2026-03-28,10147.03,1858.82,204.77,12210.62
TP-88533,2026-06-07,KUL,MAA,1882.18,9.28,Own Freighter 3,Owned,2026-06-08,5752.13,844.21,42.05,6638.39
TP-88534,2026-01-02,KUL,SIN,758.83,3.91,Partner Air A,Contract,2026-01-04,1971.85,393.17,131.34,2496.36
TP-88535,2026-03-03,KUL,SIN,3817.96,17.99,Turkish Cargo,Contract,2026-03-06,9242.88,1365.18,48.97,10657.03
TP-88536,2026-01-30,KUL,BLR,2166.71,13.91,Own Freighter 1,Owned,2026-01-31,4240.88,717.62,181.94,5140.44
TP-88537,2026-02-12,KUL,DEL,3541.89,18.04,Partner Air B,Contract,2026-02-16,7813.89,1503.57,167.72,9485.18
TP-88538,2026-04-17,KUL,BKK,1367.98,7.0,Own Freighter 3,Owned,2026-04-19,2115.26,338.48,92.94,2546.68
TP-88539,2026-03-06,SIN,CGK,4021.73,21.9,Turkish Cargo,Spot,2026-03-10,9294.26,1513.0,148.65,10955.91
TP-88540,2026-04-01,KUL,CGK,2236.14,13.91,Partner Air A,Contract,2026-04-05,4030.9,843.82,111.67,4986.39
TP-88541,2026-03-02,KUL,MAA,3312.38,22.27,Partner Air A,Spot,2026-03-03,10132.63,1862.91,188.71,12184.25
TP-88542,2026-03-06,BOM,SIN,1630.28,8.79,Own Freighter 2,Owned,2026-03-09,2705.43,463.09,178.56,3347.08
TP-88543,2026-02-28,BKK,MNL,3920.03,22.78,MASkargo,Spot,2026-03-02,6288.76,1219.37,80.44,7588.57
TP-88544,2026-03-21,KUL,CGK,4013.3,26.97,Turkish Cargo,Spot,2026-03-24,6935.78,1436.41,218.17,8590.36
TP-88545,2026-01-27,KUL,CGK,4516.68,31.75,Own Freighter 1,Owned,2026-01-31,12438.4,2120.75,201.97,14761.12
TP-88546,2026-04-27,BOM,SIN,1137.04,7.33,Own Freighter 2,Owned,2026-04-28,2236.68,364.1,170.0,2770.78
TP-88547,2026-06-15,KUL,DEL,1708.33,9.7,MASkargo,Spot,2026-06-16,4425.22,922.88,141.67,5489.77
TP-88548,2026-01-05,KUL,BKK,3498.42,23.01,Own Freighter 2,Owned,2026-01-07,5750.65,1159.23,192.28,7102.16
TP-88549,2026-04-24,KUL,MAA,2652.55,12.84,Own Freighter 3,Owned,2026-04-26,7120.12,1287.0,201.82,8608.94
TP-88550,2026-01-09,BKK,MNL,3852.84,27.69,Partner Air B,Spot,2026-01-12,8219.73,1385.56,128.65,9733.94
TP-88551,2026-05-09,KUL,CGK,1149.92,5.6,Own Freighter 3,Owned,2026-05-13,3604.8,731.79,86.19,4422.78
TP-88552,2026-03-03,SIN,CGK,3047.61,21.88,Partner Air A,Spot,2026-03-04,6759.49,1440.92,47.41,8247.82
TP-88553,2026-06-22,BKK,MNL,924.15,4.25,Emirates SkyCargo,Spot,2026-06-26,2520.54,510.78,123.96,3155.28
TP-88554,2026-05-22,KUL,SIN,4703.31,34.12,Own Freighter 1,Owned,2026-05-23,9695.86,1983.89,190.31,11870.06
TP-88555,2026-04-13,BKK,MNL,559.76,2.89,Own Freighter 1,Owned,2026-04-14,1077.02,179.42,153.61,1410.05
TP-88556,2026-03-20,KUL,BKK,1663.74,9.38,Turkish Cargo,Spot,2026-03-23,5002.51,748.25,138.3,5889.06
TP-88557,2026-02-10,KUL,SIN,3238.32,24.18,Turkish Cargo,Spot,2026-02-14,5595.16,1114.58,109.83,6819.57
TP-88558,2026-01-08,BOM,SIN,956.79,5.31,Partner Air B,Spot,2026-01-09,2956.5,456.94,37.37,3450.81
TP-88559,2026-03-13,KUL,DEL,2391.27,12.03,MASkargo,Spot,2026-03-15,7058.5,1363.93,117.74,8540.17
TP-88560,2026-02-25,BOM,SIN,867.32,5.27,Own Freighter 2,Owned,2026-03-01,1851.71,265.42,201.18,2318.31
TP-88561,2026-04-20,KUL,SIN,2213.5,12.31,Partner Air B,Contract,2026-04-23,6182.4,1280.51,155.6,7618.51
TP-88562,2026-06-10,DEL,BKK,2567.54,13.07,MASkargo,Spot,2026-06-12,4960.15,954.3,44.12,5958.57
TP-88563,2026-01-22,KUL,SIN,4239.58,22.96,Partner Air A,Spot,2026-01-25,13200.9,2872.36,168.69,16241.95
TP-88564,2026-04-27,KUL,BOM,2397.23,12.95,Turkish Cargo,Contract,2026-04-29,6023.93,917.17,160.35,7101.45
TP-88565,2026-05-05,KUL,DEL,2032.86,11.61,Own Freighter 3,Owned,2026-05-08,7469.99,1189.81,195.05,8854.85
TP-88566,2026-04-15,SIN,CGK,2021.4,12.59,Partner Air A,Contract,2026-04-18,3566.06,755.41,133.22,4454.69
TP-88567,2026-05-13,KUL,DEL,3464.84,24.96,Partner Air A,Contract,2026-05-14,9603.23,1562.18,167.07,11332.48
TP-88568,2026-02-09,BKK,MNL,660.77,4.06,Own Freighter 2,Owned,2026-02-11,1887.7,351.61,179.41,2418.72
TP-88569,2026-04-22,SIN,CGK,4072.19,24.91,Turkish Cargo,Spot,2026-04-23,9989.99,1521.17,187.51,11698.67
TP-88570,2026-02-16,KUL,BKK,1892.75,13.06,Own Freighter 1,Owned,2026-02-20,5474.31,889.1,206.04,6569.45
TP-88571,2026-03-08,KUL,BOM,3227.72,22.57,Emirates SkyCargo,Contract,2026-03-12,7291.82,1162.57,84.39,8538.78
TP-88572,2026-04-06,DEL,BKK,162.01,0.83,Own Freighter 3,Owned,2026-04-10,358.98,64.12,190.09,613.19
TP-88573,2026-03-01,SIN,CGK,2982.9,14.51,Own Freighter 3,Owned,2026-03-05,4577.97,928.27,81.28,5587.52
TP-88574,2026-01-22,SIN,CGK,169.82,0.8,Partner Air B,Contract,2026-01-24,359.26,57.17,183.64,600.07
TP-88575,2026-04-08,BKK,MNL,172.38,0.83,Own Freighter 1,Owned,2026-04-12,285.89,48.99,135.06,469.94
TP-88576,2026-02-11,KUL,MNL,2398.97,16.39,Own Freighter 3,Owned,2026-02-15,5454.12,1103.67,142.98,6700.77
TP-88577,2026-04-15,SIN,CGK,464.71,2.21,Own Freighter 3,Owned,2026-04-17,1107.4,237.56,179.63,1524.59
TP-88578,2026-05-25,KUL,MAA,4729.83,26.62,Partner Air A,Spot,2026-05-27,9173.99,1450.64,204.67,10829.3
TP-88579,2026-03-24,KUL,DEL,1301.25,7.8,MASkargo,Spot,2026-03-25,3462.36,695.28,91.0,4248.64
TP-88580,2026-01-29,DEL,BKK,2353.59,13.69,MASkargo,Contract,2026-01-30,6197.25,1062.11,90.58,7349.94
TP-88581,2026-01-05,SIN,CGK,3776.62,22.43,Partner Air A,Contract,2026-01-09,7947.41,1370.61,160.9,9478.92
TP-88582,2026-03-08,KUL,BOM,1710.41,9.94,Own Freighter 1,Owned,2026-03-09,6382.42,971.93,59.9,7414.25
TP-88583,2026-03-19,KUL,BLR,3386.36,15.64,Own Freighter 3,Owned,2026-03-22,5716.82,1162.44,92.31,6971.57
TP-88584,2026-01-08,SIN,CGK,3502.63,24.2,Own Freighter 2,Owned,2026-01-10,8633.85,1215.29,47.18,9896.32
TP-88585,2026-05-18,DEL,BKK,3113.78,19.13,Own Freighter 3,Owned,2026-05-20,9085.73,1971.84,154.77,11212.34
TP-88586,2026-05-27,KUL,MNL,1194.55,8.45,Partner Air A,Spot,2026-05-29,2190.77,474.25,161.52,2826.54
TP-88587,2026-03-25,KUL,SIN,595.64,3.41,MASkargo,Contract,2026-03-28,922.15,181.38,102.64,1206.17
TP-88588,2026-04-11,KUL,BOM,2159.93,10.86,Own Freighter 2,Owned,2026-04-15,4822.29,1045.01,151.88,6019.18
TP-88589,2026-01-28,KUL,DEL,355.21,2.2,Partner Air A,Contract,2026-01-30,1281.75,257.92,112.26,1651.93
TP-88590,2026-06-19,KUL,DEL,2899.14,19.54,MASkargo,Contract,2026-06-20,7074.33,1216.93,138.01,8429.27
TP-88591,2026-01-21,KUL,BLR,1359.99,9.46,Own Freighter 3,Owned,2026-01-22,3151.6,583.5,209.61,3944.71
TP-88592,2026-02-06,KUL,BOM,1371.19,10.0,Own Freighter 1,Owned,2026-02-07,2585.38,559.26,211.73,3356.37
TP-88593,2026-03-22,KUL,BKK,881.86,6.59,Emirates SkyCargo,Spot,2026-03-26,1783.35,383.33,217.39,2384.07
TP-88594,2026-01-27,KUL,MNL,4442.08,21.87,Own Freighter 2,Owned,2026-01-28,13088.27,2006.17,194.48,15288.92
TP-88595,2026-03-19,KUL,MNL,1558.63,11.19,Own Freighter 2,Owned,2026-03-20,2377.2,363.25,215.76,2956.21
TP-88596,2026-06-12,BOM,SIN,631.59,2.95,Emirates SkyCargo,Spot,2026-06-13,957.81,209.44,205.5,1372.75
TP-88597,2026-03-08,KUL,MNL,3024.8,20.12,Partner Air A,Spot,2026-03-09,7522.86,1607.55,132.17,9262.58
TP-88598,2026-04-10,KUL,DEL,4479.25,22.59,Own Freighter 2,Owned,2026-04-13,8119.83,1319.24,88.76,9527.83
TP-88599,2026-01-10,KUL,DEL,1442.85,8.44,Own Freighter 1,Owned,2026-01-12,2622.23,560.51,84.59,3267.33
TP-88600,2026-03-19,DEL,BKK,3699.57,26.3,Own Freighter 1,Owned,2026-03-21,9917.07,1511.18,128.71,11556.96
TP-88601,2026-02-01,BKK,MNL,1956.9,14.26,Partner Air B,Spot,2026-02-02,4063.12,696.65,185.12,4944.89
TP-88602,2026-06-20,KUL,BOM,3733.84,17.86,Partner Air A,Contract,2026-06-21,7023.72,1442.94,113.46,8580.12
TP-88603,2026-04-16,KUL,DEL,1141.95,5.7,Partner Air A,Contract,2026-04-20,2208.2,437.62,108.56,2754.38
TP-88604,2026-01-18,SIN,CGK,3465.53,16.27,Turkish Cargo,Spot,2026-01-21,9523.6,1835.08,215.84,11574.52
TP-88605,2026-01-26,DEL,BKK,3349.64,16.36,Own Freighter 2,Owned,2026-01-30,5114.5,1014.61,211.59,6340.7
TP-88606,2026-05-29,KUL,BLR,1618.69,9.54,Partner Air B,Spot,2026-06-02,3380.85,625.95,154.05,4160.85
TP-88607,2026-04-20,BKK,MNL,4714.39,22.3,Turkish Cargo,Contract,2026-04-24,13182.59,2152.04,99.55,15434.18
TP-88608,2026-03-11,SIN,CGK,3325.03,15.34,Emirates SkyCargo,Spot,2026-03-13,9945.71,1901.42,71.54,11918.67
TP-88609,2026-06-07,KUL,MAA,2815.13,16.4,Turkish Cargo,Contract,2026-06-09,7597.01,1123.58,167.98,8888.57
TP-88610,2026-05-20,BKK,MNL,2717.56,13.85,Partner Air A,Contract,2026-05-24,4894.83,701.09,50.25,5646.17
TP-88611,2026-05-25,KUL,CGK,2041.46,11.12,Own Freighter 3,Owned,2026-05-28,4176.82,750.47,147.34,5074.63
TP-88612,2026-01-16,KUL,MAA,186.1,1.18,Partner Air A,Contract,2026-01-20,441.77,71.47,115.04,628.28
TP-88613,2026-01-12,KUL,BOM,2251.33,11.93,Partner Air B,Contract,2026-01-16,6611.14,1363.66,172.61,8147.41
TP-88614,2026-06-25,KUL,BOM,4056.92,21.12,MASkargo,Contract,2026-06-29,10970.63,1876.36,197.83,13044.82
TP-88615,2026-02-05,KUL,BKK,4653.89,32.23,Partner Air A,Spot,2026-02-08,8924.46,1593.6,48.84,10566.9
TP-88616,2026-05-25,BOM,SIN,1309.16,9.73,Own Freighter 2,Owned,2026-05-29,3438.56,507.05,152.45,4098.06
TP-88617,2026-02-24,KUL,MAA,3431.47,25.22,Partner Air A,Contract,2026-02-25,7648.05,1376.48,125.15,9149.68
TP-88618,2026-06-23,KUL,CGK,651.34,4.42,Own Freighter 2,Owned,2026-06-24,1019.83,159.68,191.94,1371.45
TP-88619,2026-06-27,KUL,SIN,3220.09,17.96,Own Freighter 2,Owned,2026-06-30,9376.94,1873.36,39.77,11290.07
TP-88620,2026-03-08,BOM,SIN,215.54,1.09,MASkargo,Contract,2026-03-12,324.63,63.55,147.11,535.29
TP-88621,2026-02-04,KUL,MNL,2738.4,12.58,Emirates SkyCargo,Spot,2026-02-05,5787.99,1265.48,159.37,7212.84
TP-88622,2026-04-06,DEL,BKK,3553.84,19.15,Own Freighter 1,Owned,2026-04-07,8938.17,1575.27,63.06,10576.5
TP-88623,2026-01-21,KUL,DEL,205.59,1.03,Own Freighter 3,Owned,2026-01-24,642.1,121.75,198.85,962.7
TP-88624,2026-03-19,KUL,BLR,2934.01,13.48,Partner Air B,Contract,2026-03-20,4632.58,783.15,90.18,5505.91
TP-88625,2026-06-01,BKK,MNL,658.15,3.32,Partner Air B,Spot,2026-06-03,1995.72,293.85,213.12,2502.69
TP-88626,2026-02-07,KUL,SIN,3203.38,18.99,MASkargo,Spot,2026-02-08,7084.61,1079.62,149.0,8313.23
TP-88627,2026-02-16,KUL,BLR,2470.52,12.81,Own Freighter 2,Owned,2026-02-20,5954.13,1218.77,98.67,7271.57
TP-88628,2026-03-06,KUL,BKK,1902.48,10.21,Partner Air B,Contract,2026-03-07,3659.67,688.84,55.51,4404.02
TP-88629,2026-05-20,KUL,BKK,3398.16,20.11,Own Freighter 2,Owned,2026-05-23,7936.82,1649.23,138.16,9724.21
TP-88630,2026-03-22,KUL,DEL,4028.94,23.26,Turkish Cargo,Contract,2026-03-25,12089.18,2069.78,205.63,14364.59
TP-88631,2026-02-04,KUL,MAA,2137.76,11.91,MASkargo,Spot,2026-02-06,5174.84,999.12,97.52,6271.48
TP-88632,2026-01-06,KUL,BLR,1601.6,8.34,Partner Air B,Spot,2026-01-10,2846.79,456.53,176.21,3479.53
TP-88633,2026-05-20,KUL,MNL,2950.64,15.76,Turkish Cargo,Contract,2026-05-24,6192.87,1097.5,162.55,7452.92
TP-88634,2026-05-06,KUL,BLR,920.51,6.2,Own Freighter 1,Owned,2026-05-09,2580.93,375.97,93.97,3050.87
TP-88635,2026-02-04,SIN,CGK,2352.17,15.32,Turkish Cargo,Contract,2026-02-06,5070.62,962.59,83.48,6116.69
TP-88636,2026-04-04,BOM,SIN,2349.41,11.32,Own Freighter 2,Owned,2026-04-07,4331.42,814.59,161.84,5307.85
TP-88637,2026-05-06,KUL,MAA,400.33,1.9,MASkargo,Contract,2026-05-07,804.93,172.3,197.8,1175.03
TP-88638,2026-04-11,KUL,BLR,1753.98,13.25,Turkish Cargo,Contract,2026-04-13,5095.03,915.45,99.15,6109.63
TP-88639,2026-01-17,KUL,BLR,1425.72,7.12,MASkargo,Spot,2026-01-20,2256.27,391.84,81.18,2729.29
TP-88640,2026-03-21,KUL,BKK,2565.12,14.37,Own Freighter 3,Owned,2026-03-22,4567.6,913.88,114.25,5595.73
TP-88641,2026-01-27,KUL,BOM,1577.16,8.07,Turkish Cargo,Spot,2026-01-30,5694.13,1188.82,197.33,7080.28
TP-88642,2026-02-23,KUL,BLR,1966.19,9.96,Own Freighter 3,Owned,2026-02-24,4722.08,863.23,156.75,5742.06
TP-88643,2026-05-28,KUL,MAA,1681.26,12.07,Own Freighter 2,Owned,2026-05-29,2916.85,428.09,172.25,3517.19
TP-88644,2026-06-09,SIN,CGK,1469.99,8.29,Partner Air B,Contract,2026-06-12,3844.6,676.18,211.13,4731.91
TP-88645,2026-01-10,KUL,BLR,3289.38,15.13,Emirates SkyCargo,Spot,2026-01-14,7851.62,1472.66,48.5,9372.78
TP-88646,2026-06-07,KUL,DEL,2052.31,10.16,Partner Air A,Contract,2026-06-11,5303.51,1051.37,62.45,6417.33
TP-88647,2026-01-09,BKK,MNL,2803.47,17.16,Own Freighter 3,Owned,2026-01-13,8443.53,1529.87,85.5,10058.9
TP-88648,2026-02-27,KUL,BLR,1273.08,7.41,MASkargo,Spot,2026-03-02,3233.67,637.87,41.11,3912.65
TP-88649,2026-05-08,KUL,BKK,3284.89,19.12,Own Freighter 3,Owned,2026-05-11,5967.35,1193.91,73.46,7234.72
TP-88650,2026-01-26,KUL,BLR,2904.85,20.97,Own Freighter 2,Owned,2026-01-29,8312.55,1590.5,103.76,10006.81
TP-88651,2026-04-06,BOM,SIN,3672.66,17.48,Turkish Cargo,Spot,2026-04-10,10655.37,1850.29,98.91,12604.57
TP-88652,2026-03-01,KUL,DEL,2603.98,19.05,Own Freighter 1,Owned,2026-03-03,5576.44,846.12,121.9,6544.46
TP-88653,2026-05-12,KUL,DEL,2431.29,18.41,Own Freighter 3,Owned,2026-05-14,4456.09,677.19,192.65,5325.93
TP-88654,2026-02-23,KUL,BLR,4689.16,26.26,Partner Air A,Contract,2026-02-27,12979.61,2246.36,91.28,15317.25
TP-88655,2026-04-24,KUL,BKK,1421.49,8.9,MASkargo,Contract,2026-04-26,4102.41,690.77,147.15,4940.33
TP-88656,2026-04-18,KUL,MNL,3041.82,14.65,Partner Air B,Contract,2026-04-22,6536.85,915.52,90.44,7542.81
TP-88657,2026-05-31,KUL,SIN,1725.12,12.45,Emirates SkyCargo,Spot,2026-06-01,5093.92,791.81,130.95,6016.68
TP-88658,2026-06-01,BKK,MNL,1185.14,5.43,Emirates SkyCargo,Contract,2026-06-03,3648.8,631.03,116.03,4395.86
TP-88659,2026-02-03,KUL,MAA,3501.79,19.93,Own Freighter 2,Owned,2026-02-05,9120.18,1945.77,219.02,11284.97
TP-88660,2026-05-29,KUL,BLR,3500.99,20.81,Own Freighter 1,Owned,2026-06-02,6058.88,1056.28,62.87,7178.03
TP-88661,2026-03-09,KUL,CGK,1454.28,6.78,MASkargo,Spot,2026-03-13,4345.36,618.72,109.73,5073.81
TP-88662,2026-05-07,KUL,MNL,796.28,3.69,Own Freighter 1,Owned,2026-05-08,2521.58,433.88,121.84,3077.3
TP-88663,2026-03-28,KUL,DEL,3743.12,21.55,Emirates SkyCargo,Spot,2026-04-01,6687.3,1128.81,170.45,7986.56
TP-88664,2026-03-09,KUL,BKK,3380.2,18.76,Turkish Cargo,Contract,2026-03-11,9669.43,1505.98,190.92,11366.33
TP-88665,2026-05-22,KUL,SIN,267.38,1.33,Turkish Cargo,Spot,2026-05-26,422.01,67.51,97.24,586.76
TP-88666,2026-04-08,DEL,BKK,4480.89,23.09,Own Freighter 3,Owned,2026-04-10,9406.72,1664.13,85.18,11156.03
TP-88667,2026-04-02,BKK,MNL,3933.81,30.0,Own Freighter 2,Owned,2026-04-06,10695.24,2033.72,170.73,12899.69
TP-88668,2026-04-26,SIN,CGK,1905.96,8.7,Turkish Cargo,Contract,2026-04-30,5182.27,792.7,218.61,6193.58
TP-88669,2026-02-16,KUL,BOM,1091.09,7.33,Emirates SkyCargo,Spot,2026-02-18,3361.41,541.76,219.72,4122.89
TP-88670,2026-01-23,KUL,MNL,2407.7,13.76,Partner Air B,Contract,2026-01-25,7698.17,1122.69,99.02,8919.88
TP-88671,2026-01-20,KUL,SIN,1366.2,9.34,Own Freighter 2,Owned,2026-01-21,3408.05,480.61,35.47,3924.13
TP-88672,2026-04-28,KUL,BKK,992.6,6.84,Own Freighter 3,Owned,2026-05-02,2004.5,388.81,45.57,2438.88
TP-88673,2026-02-08,KUL,BKK,2428.51,16.12,Partner Air B,Spot,2026-02-11,7109.26,1369.44,198.73,8677.43
TP-88674,2026-02-20,KUL,BKK,3541.7,23.98,Own Freighter 2,Owned,2026-02-21,7551.56,1300.63,69.87,8922.06
TP-88675,2026-06-08,DEL,BKK,2356.6,12.29,Emirates SkyCargo,Spot,2026-06-12,3981.43,746.8,179.77,4908.0
TP-88676,2026-01-09,KUL,MAA,1013.64,6.45,MASkargo,Contract,2026-01-13,2325.78,460.73,194.23,2980.74
TP-88677,2026-03-10,BOM,SIN,2532.15,16.44,Own Freighter 2,Owned,2026-03-13,4643.13,653.99,82.05,5379.17
TP-88678,2026-05-22,KUL,DEL,2763.15,15.04,Turkish Cargo,Spot,2026-05-23,8064.27,1332.51,172.35,9569.13
TP-88679,2026-01-31,DEL,BKK,3885.09,21.9,Partner Air A,Contract,2026-02-01,7645.09,1556.45,46.12,9247.66
TP-88680,2026-04-06,KUL,BOM,4139.8,20.49,Turkish Cargo,Spot,2026-04-09,11776.83,2106.66,194.02,14077.51
TP-88681,2026-04-05,KUL,BKK,4153.38,20.27,Own Freighter 3,Owned,2026-04-09,9819.07,1435.79,46.47,11301.33
TP-88682,2026-06-26,DEL,BKK,3578.03,16.61,Partner Air A,Spot,2026-06-27,8176.29,1318.12,168.13,9662.54
TP-88683,2026-06-10,BKK,MNL,1089.11,5.14,Partner Air B,Spot,2026-06-13,1824.77,387.79,152.84,2365.4
TP-88684,2026-05-01,SIN,CGK,2750.07,12.82,Own Freighter 2,Owned,2026-05-02,7706.05,1136.48,167.87,9010.4
TP-88685,2026-01-26,BOM,SIN,3650.01,17.64,MASkargo,Contract,2026-01-29,8032.81,1415.58,109.77,9558.16
TP-88686,2026-06-06,KUL,MNL,2784.12,20.66,Partner Air A,Spot,2026-06-09,5648.62,1028.71,157.79,6835.12
TP-88687,2026-06-22,KUL,MAA,3462.19,22.66,Own Freighter 3,Owned,2026-06-25,6392.52,1106.51,205.18,7704.21
TP-88688,2026-01-16,KUL,DEL,1507.05,9.07,Turkish Cargo,Contract,2026-01-19,2932.85,571.32,114.79,3618.96
TP-88689,2026-05-10,BKK,MNL,3012.55,19.06,Partner Air B,Spot,2026-05-13,4915.32,1011.96,43.0,5970.28
TP-88690,2026-06-10,KUL,DEL,2400.51,12.3,Emirates SkyCargo,Spot,2026-06-13,7771.74,1549.38,102.76,9423.88
TP-88691,2026-01-02,KUL,BOM,185.82,1.4,Own Freighter 3,Owned,2026-01-03,686.81,145.79,191.41,1024.01
TP-88692,2026-06-17,KUL,BOM,4362.52,23.66,Partner Air A,Spot,2026-06-19,10548.25,1733.95,128.32,12410.52
TP-88693,2026-03-02,KUL,BLR,4650.61,21.2,Own Freighter 1,Owned,2026-03-03,13097.01,2083.98,176.24,15357.23
TP-88694,2026-02-08,KUL,CGK,4702.89,22.02,Own Freighter 1,Owned,2026-02-12,9725.03,1519.15,190.57,11434.75
TP-88695,2026-06-20,SIN,CGK,3359.96,18.2,Own Freighter 3,Owned,2026-06-24,7677.89,1580.59,192.46,9450.94
TP-88696,2026-06-07,KUL,CGK,4467.56,27.3,Own Freighter 2,Owned,2026-06-09,11764.58,2536.56,156.1,14457.24
TP-88697,2026-03-26,KUL,BKK,4070.43,21.92,Own Freighter 3,Owned,2026-03-30,7336.91,1431.9,44.85,8813.66
TP-88698,2026-01-09,BOM,SIN,3558.79,24.71,Turkish Cargo,Spot,2026-01-13,6476.15,1213.12,193.11,7882.38
TP-88699,2026-05-31,SIN,CGK,1291.2,8.84,Emirates SkyCargo,Contract,2026-06-02,2920.83,631.66,73.88,3626.37
TP-88700,2026-03-01,KUL,BOM,1738.82,11.34,Partner Air B,Contract,2026-03-04,3952.03,676.39,166.2,4794.62
TP-88701,2026-01-22,BKK,MNL,3591.99,19.12,Own Freighter 2,Owned,2026-01-25,5390.76,828.22,88.85,6307.83
TP-88702,2026-06-16,KUL,BOM,1466.6,9.33,Partner Air B,Spot,2026-06-20,4274.08,909.69,85.01,5268.78
TP-88703,2026-04-22,KUL,MNL,3024.96,21.83,Turkish Cargo,Contract,2026-04-24,7125.09,1544.92,107.34,8777.35
TP-88704,2026-01-16,KUL,BKK,2555.83,13.55,Partner Air A,Contract,2026-01-18,7668.86,1207.22,101.47,8977.55
TP-88705,2026-06-19,SIN,CGK,3222.15,22.19,Partner Air B,Contract,2026-06-23,8948.56,1606.08,165.62,10720.26
TP-88706,2026-05-28,BOM,SIN,1036.87,4.89,Own Freighter 2,Owned,2026-05-30,2227.46,346.01,159.06,2732.53
TP-88707,2026-01-19,KUL,CGK,2990.63,19.49,Own Freighter 1,Owned,2026-01-20,8671.18,1597.19,171.87,10440.24
TP-88708,2026-06-29,KUL,MAA,2413.92,11.02,Turkish Cargo,Contract,2026-06-30,5682.27,1163.66,195.65,7041.58
TP-88709,2026-01-05,KUL,BOM,4782.85,36.52,Partner Air B,Contract,2026-01-06,13299.96,2034.33,79.54,15413.83
TP-88710,2026-02-02,SIN,CGK,4626.3,22.01,Partner Air B,Contract,2026-02-03,9142.39,1751.12,157.89,11051.4
TP-88711,2026-05-30,BOM,SIN,2727.57,18.51,Own Freighter 1,Owned,2026-06-01,7408.17,1574.22,187.29,9169.68
TP-88712,2026-01-28,DEL,BKK,3717.63,22.24,Partner Air B,Contract,2026-01-31,8985.01,1491.72,157.41,10634.14
TP-88713,2026-06-28,KUL,BLR,4649.74,27.73,Emirates SkyCargo,Contract,2026-06-29,13887.36,2541.99,183.46,16612.81
TP-88714,2026-02-08,KUL,MNL,4613.67,26.86,Own Freighter 2,Owned,2026-02-12,7909.4,1292.3,187.39,9389.09
TP-88715,2026-06-02,DEL,BKK,4234.33,22.47,Own Freighter 3,Owned,2026-06-04,9952.2,1862.96,61.41,11876.57
TP-88716,2026-02-22,KUL,SIN,724.15,4.89,Turkish Cargo,Spot,2026-02-23,2097.68,336.94,152.84,2587.46
TP-88717,2026-06-21,KUL,MNL,782.81,3.75,Partner Air B,Contract,2026-06-24,2205.51,329.93,189.02,2724.46
TP-88718,2026-05-11,KUL,SIN,2558.1,14.02,Emirates SkyCargo,Spot,2026-05-13,5298.61,1134.35,126.73,6559.69
TP-88719,2026-02-01,KUL,SIN,252.95,1.5,Partner Air A,Contract,2026-02-03,743.41,105.53,64.07,913.01
TP-88720,2026-06-01,KUL,BLR,4383.02,31.93,Own Freighter 1,Owned,2026-06-05,10821.0,2143.34,97.18,13061.52
TP-88721,2026-04-07,BOM,SIN,1226.04,8.2,Turkish Cargo,Contract,2026-04-11,2004.67,300.34,37.94,2342.95
TP-88722,2026-05-29,KUL,MAA,1020.05,5.67,Own Freighter 3,Owned,2026-06-01,2960.47,496.11,42.6,3499.18
TP-88723,2026-01-08,KUL,BKK,3243.49,15.74,Own Freighter 3,Owned,2026-01-12,7999.05,1351.1,123.12,9473.27
TP-88724,2026-03-30,KUL,MNL,986.94,5.59,Partner Air A,Spot,2026-03-31,2480.73,474.95,94.82,3050.5
TP-88725,2026-03-25,KUL,BLR,1734.14,8.65,Own Freighter 1,Owned,2026-03-27,4196.72,906.32,35.9,5138.94
TP-88726,2026-04-07,BKK,MNL,2238.47,12.73,Own Freighter 1,Owned,2026-04-08,7043.81,1234.99,200.47,8479.27
TP-88727,2026-04-06,KUL,BLR,1981.69,14.12,Partner Air A,Spot,2026-04-08,4926.16,1078.14,201.49,6205.79
TP-88728,2026-02-06,KUL,BKK,3431.22,16.24,MASkargo,Contract,2026-02-08,6206.28,1253.96,105.42,7565.66
TP-88729,2026-05-09,KUL,BKK,4383.48,27.13,Partner Air B,Spot,2026-05-10,9991.41,1547.84,49.68,11588.93
TP-88730,2026-05-04,KUL,BLR,480.48,3.06,Own Freighter 2,Owned,2026-05-05,1398.72,270.43,55.44,1724.59
TP-88731,2026-02-06,KUL,MNL,924.74,5.41,Turkish Cargo,Contract,2026-02-07,2064.86,402.56,137.49,2604.91
TP-88732,2026-02-24,BOM,SIN,1625.82,7.43,Own Freighter 3,Owned,2026-02-28,5029.77,1089.51,197.74,6317.02
TP-88733,2026-01-20,KUL,BLR,2971.24,20.99,MASkargo,Contract,2026-01-22,4750.47,964.01,149.73,5864.21
TP-88734,2026-06-22,KUL,BKK,2653.84,15.42,Partner Air B,Spot,2026-06-24,8286.61,1169.73,44.93,9501.27
TP-88735,2026-02-16,KUL,BOM,4377.49,25.68,Turkish Cargo,Contract,2026-02-18,11315.86,1679.96,199.89,13195.71
TP-88736,2026-06-26,KUL,BOM,2942.39,17.14,Own Freighter 3,Owned,2026-06-27,6081.82,1066.31,145.9,7294.03
TP-88737,2026-02-12,KUL,SIN,4427.3,20.7,Own Freighter 3,Owned,2026-02-13,13848.54,2379.7,127.54,16355.78
TP-88738,2026-03-14,KUL,CGK,2021.57,12.78,Partner Air A,Contract,2026-03-16,4927.78,737.43,65.65,5730.86
TP-88739,2026-05-12,KUL,BOM,1854.0,12.6,Own Freighter 1,Owned,2026-05-14,6210.79,1288.43,127.44,7626.66
TP-88740,2026-02-12,KUL,SIN,2974.2,13.83,Own Freighter 2,Owned,2026-02-14,6328.43,930.0,218.01,7476.44
TP-88741,2026-04-16,BKK,MNL,4436.43,21.96,Own Freighter 3,Owned,2026-04-19,12839.31,2419.68,65.64,15324.63
TP-88742,2026-06-20,KUL,BKK,1543.58,11.27,Partner Air A,Spot,2026-06-22,2438.83,450.98,134.94,3024.75
TP-88743,2026-01-25,KUL,BKK,2480.46,13.33,Own Freighter 1,Owned,2026-01-27,5268.52,750.69,151.03,6170.24
TP-88744,2026-01-05,DEL,BKK,4323.68,22.76,MASkargo,Spot,2026-01-08,13457.83,1989.26,178.06,15625.15
TP-88745,2026-01-07,KUL,DEL,1892.16,10.61,Own Freighter 1,Owned,2026-01-09,5627.68,1107.61,67.92,6803.21
TP-88746,2026-02-04,BKK,MNL,4581.85,30.36,Own Freighter 2,Owned,2026-02-06,6927.76,1147.16,96.62,8171.54
TP-88747,2026-05-10,KUL,BLR,1314.84,6.85,Own Freighter 3,Owned,2026-05-11,2982.77,535.02,170.76,3688.55
TP-88748,2026-02-03,KUL,BKK,200.6,0.99,Own Freighter 2,Owned,2026-02-04,337.71,67.58,46.69,451.98
TP-88749,2026-05-26,KUL,BLR,2175.68,16.28,MASkargo,Spot,2026-05-27,5150.63,888.19,71.12,6109.94
TP-88750,2026-06-20,KUL,SIN,1106.21,5.67,Turkish Cargo,Contract,2026-06-23,1667.21,327.3,99.75,2094.26
TP-88751,2026-06-23,KUL,MAA,1762.64,12.64,Turkish Cargo,Contract,2026-06-26,4771.8,898.17,137.32,5807.29
TP-88752,2026-03-09,KUL,CGK,4285.75,20.25,Partner Air B,Spot,2026-03-11,8359.19,1833.42,96.5,10289.11
TP-88753,2026-05-16,DEL,BKK,4252.01,24.26,Own Freighter 3,Owned,2026-05-19,9086.19,1741.02,185.22,11012.43
TP-88754,2026-03-06,KUL,SIN,2030.93,9.58,Turkish Cargo,Contract,2026-03-10,4081.69,881.69,172.42,5135.8
TP-88755,2026-02-12,KUL,BLR,2744.34,15.78,Turkish Cargo,Contract,2026-02-15,7901.79,1448.32,181.0,9531.11
TP-88756,2026-06-30,KUL,BKK,4074.32,21.79,Partner Air B,Spot,2026-07-02,12465.41,1812.7,216.25,14494.36
TP-88757,2026-06-11,DEL,BKK,4631.81,21.71,Own Freighter 3,Owned,2026-06-13,10298.41,1454.2,149.22,11901.83
TP-88758,2026-04-28,KUL,CGK,4316.64,32.35,Own Freighter 1,Owned,2026-05-01,10040.2,2096.16,138.62,12274.98
TP-88759,2026-01-16,KUL,DEL,2755.26,20.02,Own Freighter 1,Owned,2026-01-20,9075.2,1519.18,167.18,10761.56
TP-88760,2026-01-13,KUL,MAA,4764.58,25.67,Own Freighter 1,Owned,2026-01-14,8785.72,1812.16,183.62,10781.5
TP-88761,2026-02-19,KUL,SIN,3363.84,23.34,Partner Air B,Spot,2026-02-20,6124.23,1320.97,50.22,7495.42
TP-88762,2026-03-15,KUL,MAA,2765.56,19.2,Own Freighter 3,Owned,2026-03-19,5298.71,1160.94,157.27,6616.92
TP-88763,2026-05-15,BKK,MNL,1896.92,14.03,Own Freighter 3,Owned,2026-05-18,4581.42,762.43,126.34,5470.19
TP-88764,2026-03-21,BKK,MNL,3247.05,21.42,MASkargo,Spot,2026-03-22,7417.64,1572.72,41.0,9031.36
TP-88765,2026-03-03,BKK,MNL,1954.24,13.34,Emirates SkyCargo,Spot,2026-03-05,4284.6,604.69,140.2,5029.49
TP-88766,2026-05-25,KUL,CGK,3552.75,20.06,Partner Air B,Contract,2026-05-26,7877.6,1186.77,35.8,9100.17
TP-88767,2026-04-24,BKK,MNL,1566.42,7.77,Own Freighter 1,Owned,2026-04-26,4199.73,715.95,173.41,5089.09
TP-88768,2026-02-23,KUL,DEL,3114.6,16.13,Turkish Cargo,Spot,2026-02-26,8161.31,1399.33,107.57,9668.21
TP-88769,2026-03-26,KUL,MAA,855.7,4.07,Partner Air A,Contract,2026-03-29,2518.89,478.1,182.16,3179.15
TP-88770,2026-05-25,KUL,SIN,1567.88,9.53,Own Freighter 1,Owned,2026-05-27,4633.0,863.74,89.85,5586.59
TP-88771,2026-03-25,BOM,SIN,3271.8,15.21,Turkish Cargo,Contract,2026-03-26,7186.82,1411.76,126.15,8724.73
TP-88772,2026-03-11,KUL,CGK,4742.96,22.97,Own Freighter 1,Owned,2026-03-12,14324.93,2754.74,126.6,17206.27
TP-88773,2026-04-09,KUL,MNL,718.0,4.53,Emirates SkyCargo,Contract,2026-04-13,1462.08,296.8,177.18,1936.06
TP-88774,2026-04-07,DEL,BKK,2464.82,13.92,Turkish Cargo,Contract,2026-04-08,5891.53,892.43,72.21,6856.17
TP-88775,2026-01-19,KUL,CGK,4308.23,24.57,Own Freighter 3,Owned,2026-01-20,12183.11,2516.01,38.09,14737.21
TP-88776,2026-03-02,KUL,SIN,3310.03,20.29,Turkish Cargo,Spot,2026-03-03,5037.85,873.62,104.94,6016.41
TP-88777,2026-04-16,SIN,CGK,3641.71,22.97,Emirates SkyCargo,Spot,2026-04-19,10702.68,1953.93,214.55,12871.16
TP-88778,2026-05-01,KUL,CGK,4117.52,18.79,Turkish Cargo,Contract,2026-05-05,12746.05,2434.97,109.45,15290.47
TP-88779,2026-02-01,KUL,BKK,3853.84,18.49,Partner Air A,Contract,2026-02-04,6796.36,1345.08,211.01,8352.45
TP-88780,2026-03-20,KUL,DEL,4724.92,30.42,Own Freighter 2,Owned,2026-03-24,13856.4,2776.83,210.98,16844.21
TP-88781,2026-06-11,KUL,BOM,569.92,3.94,Partner Air A,Spot,2026-06-15,1931.39,307.41,192.85,2431.65
TP-88782,2026-04-01,DEL,BKK,503.18,3.68,Own Freighter 2,Owned,2026-04-04,1471.2,280.57,129.62,1881.39
TP-88783,2026-06-14,KUL,BOM,4451.27,24.64,Own Freighter 1,Owned,2026-06-18,14013.29,2809.33,149.06,16971.68
TP-88784,2026-06-27,BOM,SIN,921.13,4.47,Emirates SkyCargo,Contract,2026-07-01,2562.0,477.35,63.97,3103.32
TP-88785,2026-04-02,BOM,SIN,3578.8,26.44,Partner Air B,Contract,2026-04-03,5484.75,866.49,39.87,6391.11
TP-88786,2026-05-04,KUL,DEL,1327.08,8.02,Own Freighter 3,Owned,2026-05-05,3033.51,563.6,77.83,3674.94
TP-88787,2026-01-15,BKK,MNL,3718.82,27.8,Emirates SkyCargo,Spot,2026-01-17,10959.52,2231.3,83.71,13274.53
TP-88788,2026-05-18,SIN,CGK,4714.83,28.57,Emirates SkyCargo,Spot,2026-05-21,8580.76,1613.24,138.39,10332.39
TP-88789,2026-05-28,KUL,CGK,2378.63,13.21,MASkargo,Contract,2026-05-29,5390.51,1017.55,52.41,6460.47
TP-88790,2026-04-18,BKK,MNL,2239.03,15.87,Emirates SkyCargo,Contract,2026-04-21,6833.4,1471.03,106.23,8410.66
TP-88791,2026-04-19,BKK,MNL,1602.42,8.05,Turkish Cargo,Spot,2026-04-21,4516.19,792.87,218.49,5527.55
TP-88792,2026-05-02,KUL,BOM,1496.06,7.17,MASkargo,Contract,2026-05-06,3321.47,470.33,46.33,3838.13
TP-88793,2026-02-15,KUL,MNL,4798.05,23.8,Partner Air A,Spot,2026-02-19,10937.07,2029.46,147.39,13113.92
TP-88794,2026-01-09,KUL,CGK,3233.52,24.73,Own Freighter 3,Owned,2026-01-13,5866.03,1248.43,78.95,7193.41
TP-88795,2026-06-09,KUL,SIN,4550.14,22.5,Partner Air A,Contract,2026-06-12,7104.59,1221.12,126.15,8451.86
TP-88796,2026-03-06,KUL,MNL,3903.64,21.69,Emirates SkyCargo,Spot,2026-03-09,8073.48,1547.76,158.77,9780.01
TP-88797,2026-03-06,SIN,CGK,1295.1,8.07,Turkish Cargo,Spot,2026-03-08,3633.65,784.4,137.45,4555.5
TP-88798,2026-02-26,BKK,MNL,1736.93,8.98,Turkish Cargo,Contract,2026-03-02,4499.82,889.4,156.6,5545.82
TP-88799,2026-03-30,BKK,MNL,2781.82,18.19,Partner Air B,Contract,2026-03-31,8258.43,1418.16,64.36,9740.95
TP-88800,2026-04-16,KUL,SIN,609.13,3.79,Partner Air B,Spot,2026-04-18,1138.99,238.41,102.35,1479.75
TP-88801,2026-05-24,KUL,BLR,3968.54,28.12,MASkargo,Contract,2026-05-28,11208.89,1598.58,202.44,13009.91
TP-88802,2026-04-21,BOM,SIN,4046.6,27.94,Own Freighter 3,Owned,2026-04-22,11218.41,2437.83,193.5,13849.74
TP-88803,2026-06-18,KUL,BOM,3891.04,20.69,Own Freighter 2,Owned,2026-06-20,10989.21,1841.15,52.25,12882.61
TP-88804,2026-03-16,DEL,BKK,2063.52,12.46,Own Freighter 2,Owned,2026-03-19,6558.22,1256.47,132.19,7946.88
TP-88805,2026-01-22,KUL,CGK,1646.42,10.5,Own Freighter 2,Owned,2026-01-23,3374.7,564.3,81.87,4020.87
TP-88806,2026-02-20,BOM,SIN,4118.69,22.42,Emirates SkyCargo,Contract,2026-02-23,12828.67,2150.43,119.48,15098.58
TP-88807,2026-03-09,KUL,BLR,4783.49,23.25,Own Freighter 3,Owned,2026-03-11,10371.38,2039.41,111.28,12522.07
TP-88808,2026-04-17,KUL,MNL,3633.61,17.32,Partner Air A,Spot,2026-04-20,11412.19,1663.42,160.77,13236.38
TP-88809,2026-03-23,DEL,BKK,2850.46,16.29,Partner Air B,Contract,2026-03-25,6912.4,1211.42,121.73,8245.55
TP-88810,2026-06-27,KUL,BOM,779.65,3.9,Own Freighter 1,Owned,2026-07-01,2330.14,338.78,84.19,2753.11
TP-88811,2026-02-15,BKK,MNL,2978.84,18.17,Own Freighter 3,Owned,2026-02-19,5596.51,888.97,210.85,6696.33
TP-88812,2026-06-12,KUL,MAA,1524.9,8.94,Own Freighter 2,Owned,2026-06-16,4264.76,679.71,75.56,5020.03
TP-88813,2026-04-07,KUL,MAA,224.75,1.03,Emirates SkyCargo,Contract,2026-04-11,540.63,107.76,93.66,742.05
TP-88814,2026-02-17,KUL,SIN,3934.99,20.35,Own Freighter 1,Owned,2026-02-20,6173.35,1248.98,204.86,7627.19
TP-88815,2026-04-14,DEL,BKK,4410.46,25.75,Turkish Cargo,Contract,2026-04-18,10554.63,1950.61,176.32,12681.56
TP-88816,2026-02-22,KUL,CGK,2865.85,15.94,Emirates SkyCargo,Contract,2026-02-25,8392.02,1817.54,209.94,10419.5
TP-88817,2026-02-16,KUL,DEL,2398.3,12.62,Emirates SkyCargo,Spot,2026-02-17,8788.2,1889.02,76.51,10753.73
TP-88818,2026-04-13,KUL,DEL,2357.84,15.51,Partner Air B,Contract,2026-04-16,5930.0,1273.31,139.36,7342.67
TP-88819,2026-04-08,KUL,MAA,214.06,1.43,Own Freighter 1,Owned,2026-04-11,565.31,98.51,160.9,824.72
TP-88820,2026-05-05,KUL,MNL,801.49,4.18,Partner Air A,Spot,2026-05-07,1426.7,241.15,177.67,1845.52
TP-88821,2026-01-29,KUL,MAA,3585.14,17.88,MASkargo,Contract,2026-01-30,5688.11,1060.06,209.87,6958.04
TP-88822,2026-04-30,KUL,BOM,4352.41,22.98,Partner Air B,Spot,2026-05-03,13396.59,1971.5,97.32,15465.41
TP-88823,2026-01-30,DEL,BKK,4033.79,28.42,Turkish Cargo,Spot,2026-02-02,12442.01,2555.89,138.18,15136.08
TP-88824,2026-04-03,SIN,CGK,3743.2,17.91,Partner Air B,Contract,2026-04-07,11127.27,1859.83,103.04,13090.14
TP-88825,2026-04-25,KUL,SIN,2229.28,16.08,Emirates SkyCargo,Spot,2026-04-27,6076.35,1064.07,115.37,7255.79
TP-88826,2026-01-27,KUL,DEL,2000.76,10.5,Partner Air A,Spot,2026-01-29,4663.32,957.96,64.14,5685.42
TP-88827,2026-01-04,KUL,MAA,2475.5,17.89,MASkargo,Contract,2026-01-06,7273.65,1155.45,105.31,8534.41
TP-88828,2026-05-23,KUL,MAA,4474.45,25.18,MASkargo,Spot,2026-05-25,11835.59,1812.23,88.82,13736.64
TP-88829,2026-01-17,KUL,SIN,1224.32,5.59,Turkish Cargo,Spot,2026-01-20,2797.74,510.97,199.61,3508.32
TP-88830,2026-03-03,BOM,SIN,2372.89,11.08,Partner Air A,Spot,2026-03-07,4972.76,1085.28,155.17,6213.21
TP-88831,2026-02-14,KUL,SIN,3913.95,19.12,Own Freighter 2,Owned,2026-02-18,8420.74,1641.42,73.31,10135.47
TP-88832,2026-04-16,KUL,CGK,3736.79,18.21,Own Freighter 1,Owned,2026-04-18,10674.04,1693.12,101.25,12468.41
TP-88833,2026-06-23,BKK,MNL,3723.22,26.71,Emirates SkyCargo,Spot,2026-06-24,6617.89,1448.01,93.44,8159.34
TP-88834,2026-01-10,SIN,CGK,677.1,3.18,Emirates SkyCargo,Spot,2026-01-14,1789.29,315.19,133.47,2237.95
TP-88835,2026-04-13,KUL,MNL,404.89,2.32,Turkish Cargo,Contract,2026-04-14,964.24,208.22,145.56,1318.02
TP-88836,2026-06-25,DEL,BKK,361.64,1.99,MASkargo,Contract,2026-06-28,839.73,146.33,189.59,1175.65
TP-88837,2026-03-10,KUL,BLR,3145.83,22.3,MASkargo,Contract,2026-03-13,8664.17,1461.45,139.46,10265.08
TP-88838,2026-01-31,SIN,CGK,2290.63,13.16,Partner Air A,Spot,2026-02-04,5704.51,1073.67,197.47,6975.65
TP-88839,2026-02-16,KUL,MNL,4373.14,22.86,Turkish Cargo,Spot,2026-02-17,7312.3,1547.8,168.65,9028.75
TP-88840,2026-02-02,KUL,BOM,2860.93,21.14,MASkargo,Contract,2026-02-05,5552.05,919.69,53.87,6525.61
TP-88841,2026-05-28,BKK,MNL,1565.49,7.28,Own Freighter 1,Owned,2026-05-30,3904.49,807.06,80.98,4792.53
TP-88842,2026-02-03,BOM,SIN,4121.36,23.96,MASkargo,Contract,2026-02-06,12608.37,2321.72,53.71,14983.8
TP-88843,2026-05-05,KUL,BKK,2810.9,14.84,MASkargo,Contract,2026-05-06,7332.58,1042.68,53.04,8428.3
TP-88844,2026-03-27,KUL,DEL,3481.75,15.85,Own Freighter 3,Owned,2026-03-30,7691.18,1573.35,208.91,9473.44
TP-88845,2026-05-18,BKK,MNL,3776.03,28.09,Partner Air B,Spot,2026-05-22,10955.89,1925.84,89.47,12971.2
TP-88846,2026-03-17,KUL,DEL,323.96,1.59,Partner Air A,Spot,2026-03-18,763.75,132.12,192.11,1087.98
TP-88847,2026-06-10,KUL,BOM,335.39,1.62,Own Freighter 2,Owned,2026-06-11,1241.15,196.47,187.25,1624.87
TP-88848,2026-03-07,BOM,SIN,4321.24,26.39,Own Freighter 3,Owned,2026-03-11,8205.46,1785.83,142.31,10133.6
TP-88849,2026-04-22,SIN,CGK,3561.51,27.34,MASkargo,Contract,2026-04-25,6629.21,1400.64,144.37,8174.22
TP-88850,2026-01-07,KUL,CGK,4798.54,21.86,Turkish Cargo,Spot,2026-01-08,14527.32,3140.24,179.36,17846.92
TP-88851,2026-01-29,DEL,BKK,1961.6,10.09,Own Freighter 1,Owned,2026-01-30,6093.19,1061.84,96.73,7251.76
TP-88852,2026-06-09,KUL,MNL,1458.54,6.99,Emirates SkyCargo,Contract,2026-06-10,3557.0,523.67,105.18,4185.85
TP-88853,2026-02-04,KUL,BLR,3329.6,18.96,Own Freighter 1,Owned,2026-02-06,5443.38,959.75,72.8,6475.93
TP-88854,2026-03-07,KUL,BLR,2465.06,13.88,Own Freighter 2,Owned,2026-03-09,5953.7,1271.39,50.44,7275.53
TP-88855,2026-03-16,KUL,BOM,3034.51,17.34,Emirates SkyCargo,Spot,2026-03-19,6722.55,1133.48,40.54,7896.57
TP-88856,2026-01-02,KUL,BKK,1009.72,6.37,Partner Air A,Contract,2026-01-05,1692.5,363.31,219.67,2275.48
TP-88857,2026-01-18,KUL,BKK,3440.95,18.07,MASkargo,Spot,2026-01-22,8508.43,1414.43,213.9,10136.76
TP-88858,2026-04-01,KUL,CGK,4383.77,21.01,MASkargo,Spot,2026-04-03,6888.94,1058.36,126.0,8073.3
TP-88859,2026-04-24,KUL,DEL,4687.71,31.57,Emirates SkyCargo,Contract,2026-04-28,14498.56,2120.96,155.88,16775.4
TP-88860,2026-06-01,SIN,CGK,3849.31,18.25,Partner Air A,Contract,2026-06-02,6498.66,992.18,211.13,7701.97
TP-88861,2026-04-22,KUL,BOM,3429.56,25.89,Partner Air A,Spot,2026-04-24,7113.79,1321.77,197.05,8632.61
TP-88862,2026-03-12,KUL,DEL,2152.27,11.19,Own Freighter 3,Owned,2026-03-15,4781.57,980.0,189.76,5951.33
TP-88863,2026-04-03,BOM,SIN,489.29,3.16,Emirates SkyCargo,Spot,2026-04-06,1434.48,303.92,56.66,1795.06
TP-88864,2026-01-18,KUL,CGK,1690.18,7.78,Turkish Cargo,Spot,2026-01-20,4203.16,895.84,74.38,5173.38
TP-88865,2026-04-06,KUL,MNL,4578.31,32.0,Partner Air B,Contract,2026-04-10,11163.15,1667.63,40.87,12871.65
TP-88866,2026-06-06,KUL,DEL,3527.21,25.39,Partner Air A,Spot,2026-06-10,10905.71,1959.24,82.82,12947.77
TP-88867,2026-04-12,BKK,MNL,794.53,5.19,Partner Air A,Spot,2026-04-16,1196.09,215.97,150.69,1562.75
TP-88868,2026-04-27,BOM,SIN,2712.06,14.44,Partner Air B,Spot,2026-04-29,4273.38,878.58,209.92,5361.88
TP-88869,2026-06-30,KUL,CGK,4437.14,26.93,MASkargo,Contract,2026-07-04,8475.2,1259.02,112.38,9846.6
TP-88870,2026-06-03,KUL,BOM,3007.23,17.18,Partner Air B,Spot,2026-06-05,8253.26,1592.68,190.86,10036.8
TP-88871,2026-02-17,KUL,MAA,2767.93,17.24,MASkargo,Contract,2026-02-20,8355.96,1826.92,46.17,10229.05
TP-88872,2026-03-05,KUL,MNL,330.16,2.09,Partner Air B,Contract,2026-03-07,549.17,115.77,195.82,860.76
TP-88873,2026-04-16,SIN,CGK,1723.71,7.97,Partner Air A,Contract,2026-04-20,5274.45,1022.7,204.19,6501.34
TP-88874,2026-06-30,KUL,BLR,1448.52,10.28,Own Freighter 1,Owned,2026-07-03,3757.06,612.33,77.16,4446.55
TP-88875,2026-02-02,BOM,SIN,2120.07,9.88,Partner Air B,Spot,2026-02-05,5003.5,1084.92,121.92,6210.34
TP-88876,2026-06-01,KUL,BKK,1678.82,9.88,Own Freighter 1,Owned,2026-06-02,4368.95,695.07,207.6,5271.62
TP-88877,2026-03-07,KUL,SIN,3469.14,19.18,Own Freighter 3,Owned,2026-03-10,10355.34,2176.62,72.4,12604.36
TP-88878,2026-05-13,KUL,BOM,1547.52,8.37,Own Freighter 1,Owned,2026-05-15,3599.35,534.9,160.59,4294.84
TP-88879,2026-04-02,DEL,BKK,4278.29,20.06,Own Freighter 1,Owned,2026-04-05,12393.62,2399.73,174.74,14968.09
TP-88880,2026-03-15,KUL,BLR,3291.18,23.53,Own Freighter 1,Owned,2026-03-17,9376.11,1893.75,68.11,11337.97
TP-88881,2026-02-09,BOM,SIN,1775.52,10.55,Own Freighter 2,Owned,2026-02-12,4614.1,689.75,40.65,5344.5
TP-88882,2026-02-17,BKK,MNL,695.35,3.36,Partner Air A,Contract,2026-02-20,1874.01,357.78,194.81,2426.6
TP-88883,2026-04-24,KUL,BLR,2980.83,18.69,Own Freighter 2,Owned,2026-04-26,7890.39,1170.25,141.42,9202.06
TP-88884,2026-05-14,KUL,BLR,4646.84,23.32,Own Freighter 2,Owned,2026-05-15,9158.64,1674.71,202.66,11036.01
TP-88885,2026-05-20,SIN,CGK,451.83,2.26,Emirates SkyCargo,Spot,2026-05-21,753.21,151.28,149.0,1053.49
TP-88886,2026-03-21,SIN,CGK,2990.09,15.08,Own Freighter 1,Owned,2026-03-22,7706.17,1367.53,83.83,9157.53
TP-88887,2026-05-07,DEL,BKK,1276.29,6.16,Turkish Cargo,Contract,2026-05-09,2918.67,618.11,185.93,3722.71
TP-88888,2026-02-10,BOM,SIN,2565.17,14.87,MASkargo,Contract,2026-02-14,4664.02,927.08,131.49,5722.59
TP-88889,2026-01-08,BOM,SIN,4157.02,25.3,Emirates SkyCargo,Spot,2026-01-11,11113.8,2310.98,80.91,13505.69
TP-88890,2026-05-13,DEL,BKK,4799.68,27.16,MASkargo,Contract,2026-05-16,10281.45,1691.2,69.33,12041.98
TP-88891,2026-01-08,KUL,MAA,2592.57,12.33,Own Freighter 2,Owned,2026-01-11,4293.28,908.76,120.17,5322.21
TP-88892,2026-03-03,BKK,MNL,366.96,2.74,Partner Air B,Spot,2026-03-06,919.29,163.19,214.18,1296.66
TP-88893,2026-04-28,KUL,BOM,2949.14,21.95,Partner Air A,Contract,2026-05-02,10182.96,2042.89,46.92,12272.77
TP-88894,2026-05-27,BKK,MNL,4595.05,24.59,Partner Air A,Spot,2026-05-29,6948.82,1381.88,200.77,8531.47
TP-88895,2026-04-17,KUL,MAA,1719.07,13.08,Own Freighter 1,Owned,2026-04-18,3269.76,470.82,182.14,3922.72
TP-88896,2026-01-29,DEL,BKK,4110.14,22.03,Turkish Cargo,Contract,2026-02-02,11514.9,1641.88,214.27,13371.05
TP-88897,2026-04-20,KUL,DEL,3492.88,16.44,Own Freighter 3,Owned,2026-04-22,8635.39,1533.97,215.17,10384.53
TP-88898,2026-06-18,SIN,CGK,523.22,2.44,Own Freighter 1,Owned,2026-06-22,1011.3,149.13,112.93,1273.36
TP-88899,2026-05-27,KUL,BKK,2848.62,14.84,Own Freighter 2,Owned,2026-05-30,5024.72,891.79,37.89,5954.4
TP-88900,2026-05-29,KUL,BOM,4172.56,29.84,MASkargo,Spot,2026-05-30,8415.12,1189.82,37.35,9642.29
TP-88901,2026-01-17,KUL,MNL,3336.31,17.16,Own Freighter 3,Owned,2026-01-21,6752.44,956.72,117.94,7827.1
TP-88902,2026-05-24,KUL,MAA,814.43,4.54,MASkargo,Spot,2026-05-26,1393.79,207.25,219.78,1820.82
TP-88903,2026-05-02,KUL,CGK,2508.03,13.88,Partner Air B,Contract,2026-05-04,8006.1,1187.5,104.1,9297.7
TP-88904,2026-01-24,BKK,MNL,2550.7,13.22,Partner Air B,Contract,2026-01-26,4649.86,989.82,176.18,5815.86
TP-88905,2026-05-05,SIN,CGK,3915.71,21.57,Turkish Cargo,Contract,2026-05-09,11072.11,1641.57,48.91,12762.59
TP-88906,2026-06-01,KUL,BKK,1622.66,9.05,MASkargo,Contract,2026-06-02,4716.76,819.49,130.57,5666.82
TP-88907,2026-05-09,KUL,MNL,1683.23,11.24,Own Freighter 3,Owned,2026-05-13,3056.57,627.52,135.74,3819.83
TP-88908,2026-04-14,KUL,MAA,4481.43,30.46,Partner Air B,Spot,2026-04-18,8578.63,1370.24,172.15,10121.02
TP-88909,2026-04-07,DEL,BKK,324.52,2.29,MASkargo,Contract,2026-04-11,558.79,90.17,35.8,684.76
TP-88910,2026-01-09,KUL,MNL,924.08,5.02,Own Freighter 1,Owned,2026-01-13,2125.95,360.08,88.82,2574.85
TP-88911,2026-06-01,BKK,MNL,575.02,3.06,Own Freighter 3,Owned,2026-06-05,945.25,148.44,175.44,1269.13
TP-88912,2026-03-17,KUL,MNL,1151.84,5.53,Own Freighter 1,Owned,2026-03-21,3567.43,695.37,50.68,4313.48
TP-88913,2026-05-03,KUL,MAA,1164.27,6.63,Turkish Cargo,Spot,2026-05-06,1903.89,330.77,93.02,2327.68
TP-88914,2026-04-11,DEL,BKK,2951.74,16.03,Partner Air B,Spot,2026-04-12,4468.54,899.43,130.87,5498.84
TP-88915,2026-04-28,KUL,MNL,3996.55,24.18,Partner Air A,Contract,2026-04-29,7103.01,1264.48,202.39,8569.88
TP-88916,2026-01-31,BOM,SIN,1274.32,8.04,Own Freighter 2,Owned,2026-02-03,3944.49,597.17,182.88,4724.54
TP-88917,2026-01-04,KUL,MNL,4565.62,24.21,Turkish Cargo,Contract,2026-01-08,13774.39,2063.77,92.95,15931.11
TP-88918,2026-03-04,KUL,BLR,3257.9,23.67,Own Freighter 1,Owned,2026-03-05,8422.81,1427.57,61.0,9911.38
TP-88919,2026-05-10,KUL,BKK,1469.32,9.51,MASkargo,Spot,2026-05-11,3981.46,810.65,191.66,4983.77
TP-88920,2026-05-21,KUL,SIN,226.37,1.38,Emirates SkyCargo,Spot,2026-05-23,462.86,89.71,46.32,598.89
TP-88921,2026-04-24,KUL,CGK,2690.6,17.62,Partner Air B,Spot,2026-04-26,5040.54,1102.55,77.45,6220.54
TP-88922,2026-01-13,DEL,BKK,4273.01,21.62,Partner Air B,Spot,2026-01-16,13534.69,2120.24,38.86,15693.79
TP-88923,2026-06-16,KUL,DEL,174.02,1.11,Own Freighter 1,Owned,2026-06-17,565.12,82.74,195.17,843.03
TP-88924,2026-03-06,BKK,MNL,4732.54,27.76,Own Freighter 3,Owned,2026-03-07,10913.87,1561.24,43.93,12519.04
TP-88925,2026-02-27,KUL,DEL,3895.84,28.38,Own Freighter 3,Owned,2026-03-03,8653.39,1646.52,196.08,10495.99
TP-88926,2026-02-06,KUL,BLR,3963.91,28.25,Turkish Cargo,Spot,2026-02-07,10222.58,1474.26,190.9,11887.74
TP-88927,2026-04-26,KUL,DEL,3706.46,24.09,Emirates SkyCargo,Spot,2026-04-30,13519.71,2470.46,132.31,16122.48
TP-88928,2026-01-05,BKK,MNL,4250.58,24.23,Own Freighter 1,Owned,2026-01-09,8926.19,1711.32,46.43,10683.94
TP-88929,2026-01-24,KUL,MNL,1979.99,9.25,Own Freighter 2,Owned,2026-01-25,6080.39,1331.88,186.02,7598.29
TP-88930,2026-04-24,KUL,BLR,3012.27,14.13,Emirates SkyCargo,Contract,2026-04-28,9225.18,2004.41,81.03,11310.62
TP-88931,2026-05-14,KUL,CGK,597.22,3.08,Partner Air B,Spot,2026-05-17,1576.47,340.64,138.67,2055.78
TP-88932,2026-01-02,KUL,CGK,3059.11,19.99,Own Freighter 3,Owned,2026-01-06,6431.96,1355.66,83.07,7870.69
TP-88933,2026-03-15,KUL,SIN,3991.41,28.62,Partner Air A,Spot,2026-03-18,11439.0,2096.62,56.96,13592.58
TP-88934,2026-04-09,KUL,CGK,3159.36,17.63,Emirates SkyCargo,Contract,2026-04-11,10086.31,1569.14,189.25,11844.7
TP-88935,2026-05-15,KUL,MAA,3573.16,24.83,MASkargo,Spot,2026-05-17,9184.34,1863.3,156.29,11203.93
TP-88936,2026-04-15,BOM,SIN,1157.47,6.13,Partner Air A,Spot,2026-04-18,2794.7,581.74,91.68,3468.12
TP-88937,2026-04-29,KUL,SIN,2920.46,14.7,Partner Air B,Contract,2026-05-02,8930.61,1689.77,170.16,10790.54
TP-88938,2026-03-24,SIN,CGK,2225.59,12.82,Own Freighter 2,Owned,2026-03-25,5932.4,1142.63,149.13,7224.16
TP-88939,2026-04-09,KUL,BLR,1279.09,6.55,Turkish Cargo,Contract,2026-04-10,3871.09,558.79,161.95,4591.83
TP-88940,2026-04-09,KUL,MAA,1393.29,10.18,Own Freighter 3,Owned,2026-04-12,4382.12,780.7,66.04,5228.86
TP-88941,2026-06-07,SIN,CGK,2290.23,16.83,Own Freighter 3,Owned,2026-06-10,7179.96,1270.58,51.12,8501.66
TP-88942,2026-04-25,BKK,MNL,4043.11,20.6,Own Freighter 2,Owned,2026-04-28,11123.78,2127.04,40.12,13290.94
TP-88943,2026-03-08,BKK,MNL,1674.19,10.68,Partner Air B,Contract,2026-03-12,4551.39,710.68,185.02,5447.09
TP-88944,2026-02-23,KUL,BKK,1451.23,7.37,Partner Air A,Contract,2026-02-27,3200.98,494.6,219.96,3915.54
TP-88945,2026-03-21,SIN,CGK,2642.33,15.76,Own Freighter 1,Owned,2026-03-23,4724.76,680.85,198.47,5604.08
TP-88946,2026-02-27,SIN,CGK,1168.04,5.65,Turkish Cargo,Contract,2026-03-02,2478.78,417.96,79.37,2976.11
TP-88947,2026-01-26,KUL,BLR,3586.3,23.66,Partner Air B,Contract,2026-01-30,6880.76,1381.0,97.88,8359.64
TP-88948,2026-03-01,KUL,SIN,3364.76,24.94,Turkish Cargo,Spot,2026-03-02,9474.48,1368.66,40.04,10883.18
TP-88949,2026-02-18,KUL,BLR,4381.02,30.33,Partner Air A,Spot,2026-02-22,11943.74,1991.6,121.93,14057.27
TP-88950,2026-02-09,DEL,BKK,1320.13,7.28,Partner Air A,Spot,2026-02-13,2809.84,492.91,39.86,3342.61
TP-88951,2026-05-11,KUL,DEL,3401.81,16.51,MASkargo,Contract,2026-05-15,7284.78,1491.12,123.24,8899.14
TP-88952,2026-01-01,SIN,CGK,3620.2,16.53,Emirates SkyCargo,Spot,2026-01-03,7479.32,1125.0,161.39,8765.71
TP-88953,2026-01-16,KUL,MNL,3384.02,16.32,Own Freighter 1,Owned,2026-01-18,10286.28,2132.24,219.05,12637.57
TP-88954,2026-03-12,KUL,MAA,2877.05,13.31,Partner Air B,Contract,2026-03-16,5693.49,1047.16,46.42,6787.07
TP-88955,2026-01-15,KUL,MNL,4280.02,21.39,Emirates SkyCargo,Contract,2026-01-16,7042.85,1027.35,119.81,8190.01
TP-88956,2026-04-10,BOM,SIN,684.09,4.92,Emirates SkyCargo,Contract,2026-04-14,2147.94,321.7,49.67,2519.31
TP-88957,2026-05-30,KUL,DEL,3569.53,26.76,MASkargo,Spot,2026-05-31,10708.16,1702.64,48.76,12459.56
TP-88958,2026-02-13,KUL,BOM,2779.7,13.28,Own Freighter 3,Owned,2026-02-17,8988.32,1760.88,121.64,10870.84
TP-88959,2026-04-18,BOM,SIN,4572.64,27.13,Partner Air A,Contract,2026-04-22,10149.24,1510.5,51.18,11710.92
TP-88960,2026-03-29,BKK,MNL,1797.13,9.34,MASkargo,Contract,2026-03-30,4303.07,611.56,41.83,4956.46
TP-88961,2026-01-11,SIN,CGK,1447.71,9.5,Own Freighter 1,Owned,2026-01-12,4203.77,702.53,196.1,5102.4
TP-88962,2026-01-02,KUL,SIN,2487.92,11.41,MASkargo,Spot,2026-01-06,7314.56,1174.47,52.91,8541.94
TP-88963,2026-02-25,DEL,BKK,4101.62,20.12,Emirates SkyCargo,Spot,2026-02-26,10814.94,1903.25,85.77,12803.96
TP-88964,2026-04-15,DEL,BKK,355.64,2.7,Turkish Cargo,Contract,2026-04-17,545.39,117.6,114.03,777.02
TP-88965,2026-01-27,DEL,BKK,3023.55,14.43,Own Freighter 1,Owned,2026-01-29,8626.43,1694.55,163.76,10484.74
TP-88966,2026-04-28,KUL,DEL,3882.89,23.53,MASkargo,Spot,2026-05-02,9275.74,1689.19,59.58,11024.51
TP-88967,2026-02-16,KUL,MNL,4670.25,34.49,Turkish Cargo,Contract,2026-02-19,10750.9,1577.83,100.91,12429.64
TP-88968,2026-05-31,BKK,MNL,871.14,4.06,Own Freighter 2,Owned,2026-06-04,1917.33,346.77,72.42,2336.52
TP-88969,2026-06-25,KUL,SIN,378.29,1.8,Own Freighter 1,Owned,2026-06-29,939.39,164.43,96.36,1200.18
TP-88970,2026-05-23,DEL,BKK,3108.66,18.57,Own Freighter 3,Owned,2026-05-24,4910.11,967.16,109.11,5986.38
TP-88971,2026-01-31,BKK,MNL,2122.52,15.14,Own Freighter 2,Owned,2026-02-03,4304.93,834.93,108.47,5248.33
TP-88972,2026-03-27,DEL,BKK,541.74,3.02,Own Freighter 2,Owned,2026-03-31,897.41,168.98,35.36,1101.75
TP-88973,2026-01-11,KUL,SIN,461.43,2.53,Own Freighter 2,Owned,2026-01-15,900.61,192.57,96.0,1189.18
TP-88974,2026-06-07,KUL,SIN,2985.7,14.33,Partner Air B,Contract,2026-06-08,5189.84,758.29,148.63,6096.76
TP-88975,2026-01-05,BOM,SIN,518.49,2.76,Own Freighter 2,Owned,2026-01-07,1395.39,217.74,186.72,1799.85
TP-88976,2026-06-29,KUL,CGK,2795.77,17.11,Own Freighter 2,Owned,2026-07-03,4279.53,887.04,103.19,5269.76
TP-88977,2026-02-21,KUL,CGK,3889.04,23.94,Own Freighter 2,Owned,2026-02-25,12342.23,2508.95,101.38,14952.56
TP-88978,2026-05-10,KUL,BOM,4399.5,31.29,Partner Air A,Contract,2026-05-13,10719.52,1933.19,215.59,12868.3
TP-88979,2026-01-04,KUL,MNL,1635.3,11.34,MASkargo,Contract,2026-01-06,4520.23,833.01,79.91,5433.15
TP-88980,2026-01-10,BKK,MNL,2934.94,20.13,Emirates SkyCargo,Contract,2026-01-11,8141.75,1744.34,60.07,9946.16
TP-88981,2026-01-06,BOM,SIN,3637.35,17.03,MASkargo,Contract,2026-01-10,7087.47,1334.0,45.32,8466.79
TP-88982,2026-04-09,KUL,SIN,1611.77,7.43,Own Freighter 1,Owned,2026-04-10,2709.1,519.68,168.01,3396.79
TP-88983,2026-06-19,KUL,DEL,740.02,3.51,Own Freighter 3,Owned,2026-06-20,1388.62,228.38,121.28,1738.28
TP-88984,2026-04-21,KUL,BOM,4729.5,21.72,Own Freighter 3,Owned,2026-04-22,15379.05,2917.66,157.93,18454.64
TP-88985,2026-05-16,KUL,BLR,1350.49,6.92,Partner Air B,Spot,2026-05-20,2730.12,392.94,63.89,3186.95
TP-88986,2026-01-16,DEL,BKK,2364.27,16.41,MASkargo,Contract,2026-01-19,5322.78,768.72,92.12,6183.62
TP-88987,2026-04-14,SIN,CGK,1582.36,8.72,Turkish Cargo,Spot,2026-04-15,2792.37,587.33,84.89,3464.59
TP-88988,2026-06-09,KUL,MAA,1057.34,6.92,Own Freighter 2,Owned,2026-06-11,1908.43,324.35,35.2,2267.98
TP-88989,2026-03-27,DEL,BKK,4393.29,23.21,MASkargo,Contract,2026-03-28,10820.23,2150.09,125.03,13095.35
TP-88990,2026-05-01,DEL,BKK,408.97,1.97,MASkargo,Spot,2026-05-04,697.42,146.95,159.01,1003.38
TP-88991,2026-04-14,SIN,CGK,2406.27,17.92,Turkish Cargo,Spot,2026-04-16,3901.0,582.14,185.63,4668.77
TP-88992,2026-02-19,KUL,BKK,2344.36,11.92,Own Freighter 2,Owned,2026-02-23,4385.92,912.37,55.79,5354.08
TP-88993,2026-06-06,KUL,SIN,1295.66,7.47,Turkish Cargo,Contract,2026-06-07,3548.99,566.86,108.12,4223.97
TP-88994,2026-03-08,DEL,BKK,782.8,5.61,Turkish Cargo,Contract,2026-03-11,1824.31,371.76,162.56,2358.63
TP-88995,2026-05-29,KUL,BKK,2127.33,10.06,Own Freighter 2,Owned,2026-05-30,6132.43,860.82,171.06,7164.31
TP-88996,2026-04-07,KUL,BOM,2280.29,15.63,Emirates SkyCargo,Contract,2026-04-09,7409.24,1286.55,196.69,8892.48
TP-88997,2026-05-19,KUL,CGK,1249.31,6.26,Emirates SkyCargo,Contract,2026-05-21,3062.29,432.33,171.08,3665.7
TP-88998,2026-01-11,BKK,MNL,957.82,6.89,Emirates SkyCargo,Spot,2026-01-14,2270.78,373.07,120.26,2764.11
TP-88999,2026-03-23,KUL,DEL,1418.08,6.51,Own Freighter 2,Owned,2026-03-26,3154.37,613.7,124.56,3892.63
TP-89000,2026-04-07,SIN,CGK,4283.24,29.65,Partner Air B,Spot,2026-04-10,10443.92,2201.85,118.67,12764.44
TP-89001,2026-02-17,BOM,SIN,1032.71,5.46,Partner Air A,Spot,2026-02-21,3200.3,486.08,149.64,3836.02
TP-89002,2026-03-09,DEL,BKK,2652.25,12.22,Own Freighter 1,Owned,2026-03-11,5040.08,1029.03,147.25,6216.36
TP-89003,2026-06-09,KUL,BOM,4106.36,19.11,Emirates SkyCargo,Spot,2026-06-10,7458.66,1145.4,183.0,8787.06
TP-89004,2026-05-23,SIN,CGK,2679.77,17.16,Partner Air A,Contract,2026-05-24,5420.68,1075.59,111.66,6607.93
TP-89005,2026-05-05,KUL,BOM,3325.25,15.59,MASkargo,Contract,2026-05-06,10817.07,2055.47,70.97,12943.51
TP-89006,2026-05-19,KUL,BKK,2740.56,17.25,Own Freighter 1,Owned,2026-05-22,8244.84,1812.03,160.79,10217.66
TP-89007,2026-01-12,DEL,BKK,2947.0,14.44,Partner Air A,Spot,2026-01-14,4538.58,704.84,159.85,5403.27
TP-89008,2026-04-30,BOM,SIN,214.74,1.44,MASkargo,Contract,2026-05-02,391.03,58.96,54.0,503.99
TP-89009,2026-04-04,KUL,MNL,2833.53,13.2,Own Freighter 2,Owned,2026-04-07,7704.25,1424.8,153.21,9282.26
TP-89010,2026-04-12,KUL,DEL,2307.41,12.45,MASkargo,Spot,2026-04-13,7461.64,1391.49,205.83,9058.96
TP-89011,2026-03-27,KUL,SIN,962.73,6.13,Partner Air B,Spot,2026-03-28,1745.96,352.74,76.48,2175.18
TP-89012,2026-04-28,DEL,BKK,1309.84,6.88,Emirates SkyCargo,Contract,2026-05-01,2105.65,308.19,200.33,2614.17
TP-89013,2026-04-02,KUL,MNL,2942.0,17.63,Partner Air B,Spot,2026-04-03,5776.14,849.79,167.48,6793.41
TP-89014,2026-02-03,DEL,BKK,4270.81,24.43,MASkargo,Spot,2026-02-04,9425.5,1952.06,55.43,11432.99
TP-89015,2026-01-29,KUL,DEL,2759.4,15.71,Partner Air A,Contract,2026-01-31,5374.39,1089.26,162.38,6626.03
TP-89016,2026-02-16,KUL,SIN,4238.23,31.64,Own Freighter 3,Owned,2026-02-20,8556.57,1553.23,156.88,10266.68
TP-89017,2026-05-19,KUL,BOM,3873.34,19.89,Own Freighter 3,Owned,2026-05-20,11933.29,2574.08,76.28,14583.65
TP-89018,2026-03-28,SIN,CGK,3255.36,18.7,Own Freighter 1,Owned,2026-03-30,6062.27,922.61,141.38,7126.26
TP-89019,2026-02-02,KUL,MNL,3306.83,20.59,Own Freighter 2,Owned,2026-02-05,7477.42,1262.62,77.72,8817.76
TP-89020,2026-02-26,BOM,SIN,3010.9,17.36,Own Freighter 1,Owned,2026-03-01,7012.54,1253.12,219.89,8485.55
TP-89021,2026-05-03,KUL,BKK,379.23,1.9,Own Freighter 3,Owned,2026-05-06,1003.88,209.28,78.7,1291.86
TP-89022,2026-02-02,KUL,BLR,3058.32,19.44,Turkish Cargo,Contract,2026-02-06,5993.27,1236.36,196.26,7425.89
TP-89023,2026-05-26,KUL,BOM,4750.07,33.36,Partner Air B,Spot,2026-05-30,16374.1,3155.67,122.09,19651.86
TP-89024,2026-04-05,KUL,BLR,578.31,4.0,Partner Air B,Spot,2026-04-06,1833.8,259.57,106.4,2199.77
TP-89025,2026-05-28,KUL,SIN,892.73,4.64,Own Freighter 3,Owned,2026-05-29,1766.09,372.98,107.76,2246.83
TP-89026,2026-06-02,KUL,CGK,3785.05,21.6,Partner Air B,Spot,2026-06-06,7355.23,1610.84,102.75,9068.82
TP-89027,2026-04-20,KUL,BKK,1363.0,6.58,Partner Air B,Spot,2026-04-22,2653.69,490.79,104.02,3248.5
TP-89028,2026-04-16,KUL,MNL,2392.86,18.23,Turkish Cargo,Contract,2026-04-19,6215.93,1189.73,149.13,7554.79
TP-89029,2026-02-26,DEL,BKK,864.68,4.29,Own Freighter 3,Owned,2026-02-28,2370.1,478.41,132.0,2980.51
TP-89030,2026-03-30,KUL,BLR,2984.72,21.31,Own Freighter 3,Owned,2026-03-31,6965.07,1205.67,43.75,8214.49
TP-89031,2026-04-29,KUL,MAA,2179.12,14.59,Partner Air B,Spot,2026-04-30,5188.21,924.27,46.98,6159.46
TP-89032,2026-02-15,KUL,CGK,1206.23,7.08,Turkish Cargo,Contract,2026-02-17,3161.64,601.81,88.18,3851.63
TP-89033,2026-02-14,KUL,MAA,2789.61,14.08,Emirates SkyCargo,Spot,2026-02-17,4334.49,661.15,181.53,5177.17
TP-89034,2026-06-11,BOM,SIN,1496.32,7.09,Own Freighter 1,Owned,2026-06-12,3515.38,577.96,144.9,4238.24
TP-89035,2026-06-20,KUL,SIN,174.63,1.29,Own Freighter 3,Owned,2026-06-23,495.65,78.16,164.47,738.28
TP-89036,2026-06-03,KUL,BKK,2235.47,14.87,Emirates SkyCargo,Contract,2026-06-04,5776.23,819.15,199.09,6794.47
TP-89037,2026-01-26,SIN,CGK,557.89,2.96,Own Freighter 3,Owned,2026-01-28,1070.6,213.83,119.88,1404.31
TP-89038,2026-02-08,KUL,MNL,717.85,5.09,Own Freighter 3,Owned,2026-02-11,1088.28,178.5,144.44,1411.22
TP-89039,2026-01-30,KUL,BOM,440.67,2.98,Partner Air B,Spot,2026-01-31,1090.31,195.43,158.4,1444.14
TP-89040,2026-02-01,KUL,BKK,2151.64,10.89,Own Freighter 2,Owned,2026-02-04,6033.88,844.84,145.9,7024.62
TP-89041,2026-03-05,KUL,MAA,939.48,4.92,Own Freighter 2,Owned,2026-03-06,2502.83,498.5,136.72,3138.05
TP-89042,2026-05-06,KUL,BLR,2330.28,12.56,Emirates SkyCargo,Contract,2026-05-08,4648.25,891.81,89.3,5629.36
TP-89043,2026-03-30,KUL,CGK,4146.74,22.62,Partner Air B,Contract,2026-04-02,11403.21,1720.47,176.2,13299.88
TP-89044,2026-06-23,BKK,MNL,2855.02,20.44,Emirates SkyCargo,Contract,2026-06-27,7393.33,1317.05,139.78,8850.16
TP-89045,2026-04-22,KUL,MAA,1717.03,12.27,Own Freighter 3,Owned,2026-04-23,4763.2,852.61,125.51,5741.32
TP-89046,2026-06-02,KUL,BKK,660.16,3.79,Emirates SkyCargo,Contract,2026-06-04,1180.47,174.3,96.0,1450.77
TP-89047,2026-05-23,DEL,BKK,3216.79,15.4,Own Freighter 3,Owned,2026-05-26,5403.39,811.41,96.04,6310.84
TP-89048,2026-06-11,KUL,BLR,379.05,2.03,Own Freighter 3,Owned,2026-06-13,720.85,135.92,74.59,931.36
TP-89049,2026-05-06,BKK,MNL,3029.37,15.3,Emirates SkyCargo,Contract,2026-05-10,9072.8,1607.88,142.48,10823.16
TP-89050,2026-04-24,KUL,DEL,4789.27,25.57,Partner Air B,Contract,2026-04-26,12069.35,1781.62,184.21,14035.18
TP-89051,2026-03-27,KUL,BKK,1545.1,10.6,Own Freighter 1,Owned,2026-03-29,3160.46,632.25,218.71,4011.42
TP-89052,2026-06-23,KUL,BOM,2247.91,10.81,Partner Air A,Spot,2026-06-24,4947.96,976.29,68.91,5993.16
TP-89053,2026-05-31,KUL,MNL,1961.1,12.59,Own Freighter 2,Owned,2026-06-01,3209.34,680.47,164.33,4054.14
TP-89054,2026-05-25,KUL,CGK,1579.95,10.31,Own Freighter 3,Owned,2026-05-27,3972.89,765.56,193.24,4931.69
TP-89055,2026-02-11,KUL,SIN,2110.27,10.81,Own Freighter 1,Owned,2026-02-14,4262.84,678.14,182.58,5123.56
TP-89056,2026-04-25,BOM,SIN,3958.06,28.94,Turkish Cargo,Spot,2026-04-28,9664.22,1515.54,168.15,11347.91
TP-89057,2026-06-05,KUL,BOM,361.14,1.81,Partner Air A,Contract,2026-06-09,1111.6,194.56,202.87,1509.03
TP-89058,2026-01-07,KUL,DEL,2842.08,13.78,Turkish Cargo,Contract,2026-01-10,9658.7,2057.66,114.32,11830.68
TP-89059,2026-06-06,KUL,MAA,2337.22,10.69,Emirates SkyCargo,Contract,2026-06-07,7053.39,1234.0,139.16,8426.55
TP-89060,2026-03-13,KUL,MNL,3715.57,20.17,Own Freighter 2,Owned,2026-03-14,6770.55,1382.11,140.78,8293.44
TP-89061,2026-05-25,DEL,BKK,1993.84,9.68,MASkargo,Spot,2026-05-29,4703.54,1020.39,78.39,5802.32
TP-89062,2026-06-25,KUL,DEL,4580.97,29.04,Own Freighter 2,Owned,2026-06-26,10437.72,1843.18,132.96,12413.86
TP-89063,2026-02-27,KUL,MNL,2296.76,10.86,Emirates SkyCargo,Contract,2026-02-28,6866.81,1424.63,42.71,8334.15
TP-89064,2026-03-04,BOM,SIN,604.49,3.72,Partner Air A,Contract,2026-03-06,1177.18,256.93,81.23,1515.34
TP-89065,2026-05-28,BOM,SIN,3207.81,20.27,Own Freighter 1,Owned,2026-05-31,9832.79,1926.87,74.82,11834.48
TP-89066,2026-03-02,KUL,CGK,3764.34,26.84,Own Freighter 1,Owned,2026-03-04,9702.38,1668.07,127.06,11497.51
TP-89067,2026-04-24,KUL,BOM,4319.64,30.56,Partner Air A,Spot,2026-04-25,9065.6,1636.71,122.84,10825.15
TP-89068,2026-04-05,KUL,BOM,4436.78,27.34,Emirates SkyCargo,Spot,2026-04-08,12426.65,2169.19,92.59,14688.43
TP-89069,2026-05-30,KUL,MNL,4135.75,21.28,MASkargo,Contract,2026-06-02,10784.22,1791.81,178.34,12754.37
TP-89070,2026-04-27,KUL,SIN,1002.55,7.58,Partner Air A,Contract,2026-04-30,1856.16,333.55,189.05,2378.76
TP-89071,2026-06-09,BOM,SIN,3435.64,16.12,Emirates SkyCargo,Contract,2026-06-10,6066.55,973.2,37.05,7076.8
TP-89072,2026-04-05,KUL,MNL,4223.43,22.64,Own Freighter 1,Owned,2026-04-09,10372.31,1590.88,95.32,12058.51
TP-89073,2026-04-19,DEL,BKK,4267.9,28.67,Partner Air A,Contract,2026-04-22,13443.86,2486.5,58.53,15988.89
TP-89074,2026-04-04,KUL,CGK,645.73,3.25,Turkish Cargo,Spot,2026-04-06,1074.57,220.34,145.32,1440.23
TP-89075,2026-02-23,KUL,BOM,980.54,5.66,Own Freighter 1,Owned,2026-02-25,2791.29,432.36,202.68,3426.33
TP-89076,2026-04-22,BOM,SIN,2453.81,16.54,Emirates SkyCargo,Spot,2026-04-25,6054.21,1037.44,140.72,7232.37
TP-89077,2026-05-02,KUL,SIN,309.31,2.0,Own Freighter 1,Owned,2026-05-06,729.35,149.66,146.84,1025.85
TP-89078,2026-02-12,KUL,CGK,3599.31,24.74,MASkargo,Contract,2026-02-15,6431.96,1264.37,213.57,7909.9
TP-89079,2026-03-19,KUL,MAA,2252.89,12.63,Own Freighter 1,Owned,2026-03-21,4605.94,743.19,75.55,5424.68
TP-89080,2026-05-05,DEL,BKK,157.45,1.12,Own Freighter 1,Owned,2026-05-06,238.32,47.89,121.59,407.8
TP-89081,2026-03-03,KUL,BKK,1206.31,6.43,Partner Air B,Contract,2026-03-06,1824.63,390.46,69.48,2284.57
TP-89082,2026-02-05,KUL,BKK,4248.29,19.86,Own Freighter 3,Owned,2026-02-08,11333.58,2339.91,129.63,13803.12
TP-89083,2026-01-19,BKK,MNL,1021.86,5.6,Own Freighter 3,Owned,2026-01-23,3050.6,658.25,83.38,3792.23
TP-89084,2026-06-26,KUL,CGK,848.59,4.41,Own Freighter 1,Owned,2026-06-30,1315.08,228.16,197.92,1741.16
TP-89085,2026-06-01,KUL,SIN,3061.49,17.04,Partner Air A,Contract,2026-06-03,9700.75,1385.42,63.2,11149.37
TP-89086,2026-02-16,KUL,MNL,755.6,4.21,Partner Air B,Spot,2026-02-19,2122.96,434.75,175.22,2732.93
TP-89087,2026-06-29,KUL,BOM,4614.46,26.29,MASkargo,Spot,2026-07-02,12222.12,2112.19,200.17,14534.48
TP-89088,2026-05-06,KUL,BKK,214.86,1.01,Own Freighter 2,Owned,2026-05-07,651.1,107.83,166.71,925.64
TP-89089,2026-01-25,KUL,DEL,1476.35,7.84,Own Freighter 2,Owned,2026-01-28,2748.31,426.83,172.93,3348.07
TP-89090,2026-03-07,BKK,MNL,2355.59,14.09,Turkish Cargo,Spot,2026-03-08,7503.35,1644.65,137.63,9285.63
TP-89091,2026-05-18,BKK,MNL,3285.97,18.07,Partner Air B,Contract,2026-05-20,5685.8,1087.57,40.73,6814.1
TP-89092,2026-05-12,KUL,CGK,4523.84,21.11,Own Freighter 1,Owned,2026-05-14,12374.05,2645.73,156.21,15175.99
TP-89093,2026-01-27,KUL,DEL,2578.74,13.42,Own Freighter 2,Owned,2026-01-29,7963.7,1556.16,150.81,9670.67
TP-89094,2026-03-03,KUL,BOM,1168.35,5.5,Partner Air A,Spot,2026-03-04,3434.22,636.08,75.18,4145.48
TP-89095,2026-06-04,BKK,MNL,2770.87,20.73,Emirates SkyCargo,Contract,2026-06-08,5433.95,844.61,146.86,6425.42
TP-89096,2026-02-11,KUL,MAA,1384.63,6.39,Own Freighter 2,Owned,2026-02-12,4060.3,741.99,135.54,4937.83
TP-89097,2026-01-17,KUL,SIN,4690.89,30.97,Own Freighter 2,Owned,2026-01-18,14545.52,2085.24,204.35,16835.11
TP-89098,2026-04-25,KUL,CGK,4316.3,25.72,Emirates SkyCargo,Contract,2026-04-26,10120.37,1768.07,183.36,12071.8
TP-89099,2026-06-06,KUL,BLR,4446.64,23.56,Partner Air B,Contract,2026-06-10,13741.82,2350.37,135.88,16228.07
TP-89100,2026-05-24,SIN,CGK,4579.95,26.35,Own Freighter 1,Owned,2026-05-28,7580.01,1270.94,68.96,8919.91
TP-89101,2026-04-18,DEL,BKK,4654.14,27.89,Turkish Cargo,Spot,2026-04-22,13903.34,2688.76,128.52,16720.62
TP-89102,2026-01-27,KUL,DEL,2447.77,11.4,Own Freighter 1,Owned,2026-01-29,8260.07,1644.06,139.83,10043.96
TP-89103,2026-02-10,KUL,SIN,3861.22,19.95,MASkargo,Contract,2026-02-11,8831.82,1324.31,74.65,10230.78
TP-89104,2026-05-21,KUL,BOM,3832.87,19.98,Partner Air A,Spot,2026-05-23,11663.3,2020.92,142.33,13826.55
TP-89105,2026-05-29,KUL,DEL,4552.84,22.88,Emirates SkyCargo,Contract,2026-05-30,12246.3,2288.5,161.81,14696.61
TP-89106,2026-05-08,KUL,BLR,2363.89,14.59,MASkargo,Contract,2026-05-10,3856.5,556.55,43.55,4456.6
TP-89107,2026-05-09,KUL,CGK,2483.46,15.94,Emirates SkyCargo,Spot,2026-05-13,5919.3,1176.97,66.15,7162.42
TP-89108,2026-02-24,BOM,SIN,3445.67,17.49,Own Freighter 3,Owned,2026-02-28,9898.29,2019.5,37.69,11955.48
TP-89109,2026-03-03,BKK,MNL,1756.54,8.51,Emirates SkyCargo,Contract,2026-03-04,3063.46,571.31,180.82,3815.59
TP-89110,2026-01-04,KUL,BOM,4169.87,28.77,Emirates SkyCargo,Spot,2026-01-07,9773.06,2043.22,68.55,11884.83
TP-89111,2026-03-20,BOM,SIN,188.87,1.02,Partner Air B,Contract,2026-03-24,284.93,60.5,37.5,382.93
TP-89112,2026-06-09,KUL,BKK,1150.9,6.46,Own Freighter 2,Owned,2026-06-10,3594.0,778.34,129.02,4501.36
TP-89113,2026-03-23,SIN,CGK,226.86,1.15,Emirates SkyCargo,Spot,2026-03-26,597.77,113.86,51.21,762.84
TP-89114,2026-06-27,KUL,MAA,252.46,1.25,Own Freighter 2,Owned,2026-06-29,428.4,74.84,186.84,690.08
TP-89115,2026-03-13,KUL,MAA,3253.89,24.14,Turkish Cargo,Spot,2026-03-14,5818.89,827.98,184.7,6831.57
TP-89116,2026-02-26,KUL,BLR,2180.91,13.82,Emirates SkyCargo,Contract,2026-02-27,5118.12,847.29,175.02,6140.43
TP-89117,2026-06-11,KUL,DEL,4626.54,24.48,MASkargo,Spot,2026-06-15,9156.66,1659.44,172.29,10988.39
TP-89118,2026-05-02,KUL,BKK,1242.76,5.92,Own Freighter 2,Owned,2026-05-05,3767.42,698.01,86.62,4552.05
TP-89119,2026-06-23,KUL,SIN,4532.3,23.53,Partner Air A,Spot,2026-06-24,11332.19,2327.02,96.73,13755.94
TP-89120,2026-04-11,BKK,MNL,4632.37,29.87,MASkargo,Spot,2026-04-15,8354.24,1176.84,147.27,9678.35
TP-89121,2026-04-04,KUL,CGK,1545.15,8.9,Own Freighter 1,Owned,2026-04-05,2543.34,556.7,212.29,3312.33
TP-89122,2026-01-26,SIN,CGK,3973.5,25.6,Own Freighter 2,Owned,2026-01-29,7365.04,1069.11,182.4,8616.55
TP-89123,2026-05-13,KUL,BKK,1383.56,6.6,MASkargo,Spot,2026-05-15,3185.62,452.58,147.85,3786.05
TP-89124,2026-02-14,KUL,MAA,4199.99,21.57,Partner Air B,Contract,2026-02-18,11713.19,1745.43,74.19,13532.81
TP-89125,2026-03-21,BKK,MNL,4714.49,30.29,Partner Air B,Spot,2026-03-22,12666.4,2415.41,177.71,15259.52
TP-89126,2026-06-18,BKK,MNL,3121.41,15.93,Turkish Cargo,Spot,2026-06-20,7012.73,1111.2,214.63,8338.56
TP-89127,2026-06-26,KUL,MAA,1646.09,10.6,Partner Air A,Spot,2026-06-29,4583.74,721.27,142.12,5447.13
TP-89128,2026-05-30,KUL,MNL,4644.7,22.53,MASkargo,Contract,2026-05-31,10359.57,1739.16,206.24,12304.97
TP-89129,2026-01-03,DEL,BKK,929.0,6.93,Turkish Cargo,Contract,2026-01-05,1530.76,216.2,159.42,1906.38
TP-89130,2026-05-30,DEL,BKK,3047.84,15.01,Emirates SkyCargo,Spot,2026-06-01,6938.16,1354.12,141.9,8434.18
TP-89131,2026-06-14,BKK,MNL,3427.15,23.08,Turkish Cargo,Spot,2026-06-15,10507.04,1666.15,69.9,12243.09
TP-89132,2026-06-17,KUL,MAA,1963.45,13.23,Partner Air B,Contract,2026-06-18,3964.8,593.13,76.26,4634.19
TP-89133,2026-06-07,KUL,MNL,1418.5,8.63,Own Freighter 2,Owned,2026-06-09,3392.59,640.06,47.85,4080.5
TP-89134,2026-05-08,KUL,BKK,1495.26,8.02,Emirates SkyCargo,Spot,2026-05-11,2933.11,572.68,166.87,3672.66
TP-89135,2026-01-31,BOM,SIN,2308.7,14.11,Emirates SkyCargo,Spot,2026-02-01,5126.46,820.06,167.9,6114.42
TP-89136,2026-04-18,KUL,BOM,1774.54,13.26,MASkargo,Spot,2026-04-21,5104.68,1051.6,119.5,6275.78
TP-89137,2026-04-18,DEL,BKK,3567.42,17.47,Own Freighter 2,Owned,2026-04-20,5647.14,837.1,60.72,6544.96
TP-89138,2026-01-22,KUL,DEL,3272.55,15.29,MASkargo,Contract,2026-01-25,12275.26,2545.07,58.68,14879.01
TP-89139,2026-03-02,KUL,BKK,1910.94,8.95,Partner Air B,Contract,2026-03-04,4694.44,698.82,62.77,5456.03
TP-89140,2026-04-07,BKK,MNL,850.02,3.88,Partner Air A,Spot,2026-04-08,1566.39,275.85,54.1,1896.34
TP-89141,2026-02-28,KUL,MNL,4744.42,22.0,Own Freighter 3,Owned,2026-03-01,12456.55,1935.86,182.89,14575.3
TP-89142,2026-01-30,BKK,MNL,3533.78,18.9,Emirates SkyCargo,Contract,2026-02-02,5861.96,1252.2,189.47,7303.63
TP-89143,2026-04-28,KUL,SIN,3742.21,23.78,MASkargo,Spot,2026-05-02,10568.21,1674.09,141.13,12383.43
TP-89144,2026-06-20,KUL,CGK,1987.12,11.89,Turkish Cargo,Contract,2026-06-23,5072.67,1064.06,92.42,6229.15
TP-89145,2026-04-23,KUL,BLR,3119.25,23.81,Partner Air A,Contract,2026-04-24,8216.89,1189.99,149.74,9556.62
TP-89146,2026-04-11,KUL,DEL,2518.87,11.46,Own Freighter 1,Owned,2026-04-13,6205.27,1208.63,84.05,7497.95
TP-89147,2026-02-08,BKK,MNL,3189.81,19.12,Own Freighter 3,Owned,2026-02-12,5789.72,1140.46,65.51,6995.69
TP-89148,2026-06-20,KUL,CGK,4005.49,18.44,Own Freighter 1,Owned,2026-06-22,8391.76,1187.08,56.32,9635.16
TP-89149,2026-06-16,BKK,MNL,4364.25,28.04,Own Freighter 2,Owned,2026-06-17,12321.73,2268.77,95.01,14685.51
TP-89150,2026-02-20,KUL,MNL,298.75,1.75,Emirates SkyCargo,Contract,2026-02-24,536.84,84.23,219.23,840.3
TP-89151,2026-06-12,KUL,MNL,354.81,1.85,Own Freighter 3,Owned,2026-06-14,595.4,97.99,214.05,907.44
TP-89152,2026-04-07,KUL,BOM,1528.93,8.36,Own Freighter 1,Owned,2026-04-08,3924.03,754.37,165.59,4843.99
TP-89153,2026-02-03,KUL,MNL,1028.01,5.73,Turkish Cargo,Contract,2026-02-07,2416.96,374.36,47.53,2838.85
TP-89154,2026-06-17,DEL,BKK,244.68,1.13,MASkargo,Contract,2026-06-21,450.68,81.61,219.5,751.79
TP-89155,2026-02-02,KUL,BOM,2540.2,14.5,Turkish Cargo,Spot,2026-02-04,5023.52,953.84,72.89,6050.25
TP-89156,2026-03-19,BKK,MNL,2126.12,16.33,Emirates SkyCargo,Contract,2026-03-23,6289.58,1079.39,146.32,7515.29
TP-89157,2026-05-05,KUL,BLR,1280.71,7.75,Own Freighter 3,Owned,2026-05-08,2867.52,553.82,124.35,3545.69
TP-89158,2026-03-17,KUL,BLR,2381.61,18.2,MASkargo,Spot,2026-03-21,5063.86,726.42,112.45,5902.73
TP-89159,2026-03-10,KUL,CGK,1106.96,6.18,Own Freighter 1,Owned,2026-03-13,3216.5,514.46,171.1,3902.06
TP-89160,2026-01-11,KUL,BOM,641.93,3.52,Own Freighter 3,Owned,2026-01-15,1474.53,226.07,178.97,1879.57
TP-89161,2026-04-30,KUL,SIN,2199.49,10.03,Own Freighter 2,Owned,2026-05-04,3709.04,688.94,164.58,4562.56
TP-89162,2026-02-10,BOM,SIN,3555.88,17.32,Partner Air A,Contract,2026-02-11,6563.13,1254.54,48.08,7865.75
TP-89163,2026-03-14,KUL,MNL,3856.34,25.99,Own Freighter 2,Owned,2026-03-18,11136.96,2208.59,120.05,13465.6
TP-89164,2026-05-20,KUL,DEL,2439.39,18.13,Emirates SkyCargo,Spot,2026-05-24,8523.87,1530.03,40.38,10094.28
TP-89165,2026-02-25,DEL,BKK,4221.32,29.15,Emirates SkyCargo,Contract,2026-02-28,9744.82,1426.93,125.07,11296.82
TP-89166,2026-05-01,KUL,CGK,3802.09,20.32,Partner Air A,Spot,2026-05-04,9959.44,1649.99,58.82,11668.25
TP-89167,2026-03-19,KUL,CGK,1316.39,8.57,MASkargo,Spot,2026-03-20,3493.72,540.07,49.77,4083.56
TP-89168,2026-06-21,KUL,CGK,3395.72,17.87,MASkargo,Spot,2026-06-25,7904.5,1489.99,49.87,9444.36
TP-89169,2026-05-11,BOM,SIN,4051.98,22.55,Own Freighter 3,Owned,2026-05-15,9011.41,1563.84,152.46,10727.71
TP-89170,2026-06-21,BOM,SIN,1037.28,7.74,Own Freighter 3,Owned,2026-06-22,2508.66,426.12,111.62,3046.4
TP-89171,2026-03-07,KUL,CGK,2000.91,15.25,MASkargo,Contract,2026-03-09,5778.48,1004.24,175.91,6958.63
TP-89172,2026-05-11,BKK,MNL,3986.23,26.59,Turkish Cargo,Contract,2026-05-14,11374.57,1873.11,150.62,13398.3
TP-89173,2026-04-07,BOM,SIN,1383.79,6.62,Emirates SkyCargo,Spot,2026-04-09,2351.12,468.98,36.76,2856.86
TP-89174,2026-02-03,SIN,CGK,2220.42,14.24,Partner Air A,Contract,2026-02-04,4814.57,735.42,132.26,5682.25
TP-89175,2026-01-18,KUL,SIN,806.54,4.69,Own Freighter 3,Owned,2026-01-21,2468.16,504.39,36.14,3008.69
TP-89176,2026-01-11,KUL,DEL,1573.68,7.37,Turkish Cargo,Spot,2026-01-14,3402.2,478.29,210.59,4091.08
TP-89177,2026-03-05,KUL,DEL,2615.57,16.18,Turkish Cargo,Contract,2026-03-06,8795.29,1919.38,171.83,10886.5
TP-89178,2026-04-04,KUL,CGK,3373.03,17.47,Own Freighter 3,Owned,2026-04-06,9884.61,2084.55,92.67,12061.83
TP-89179,2026-03-23,SIN,CGK,2272.92,10.73,Own Freighter 2,Owned,2026-03-25,5336.49,1013.0,57.24,6406.73
TP-89180,2026-01-18,DEL,BKK,1755.64,9.35,Own Freighter 1,Owned,2026-01-20,4533.98,835.79,125.53,5495.3
TP-89181,2026-04-14,KUL,CGK,934.36,6.14,Emirates SkyCargo,Spot,2026-04-15,2788.52,431.91,107.21,3327.64
TP-89182,2026-06-30,KUL,BLR,639.96,2.94,Own Freighter 1,Owned,2026-07-02,1983.37,388.28,179.61,2551.26
TP-89183,2026-04-02,KUL,SIN,1509.21,9.99,Partner Air A,Spot,2026-04-05,3401.01,737.06,141.81,4279.88
TP-89184,2026-03-14,DEL,BKK,2720.56,20.65,Partner Air B,Contract,2026-03-16,4119.38,731.11,59.74,4910.23
TP-89185,2026-05-13,SIN,CGK,1341.31,6.28,Own Freighter 3,Owned,2026-05-17,2768.28,581.42,219.5,3569.2
TP-89186,2026-03-28,KUL,DEL,2604.54,19.31,Turkish Cargo,Spot,2026-03-29,7191.6,1401.92,125.85,8719.37
TP-89187,2026-03-22,KUL,BOM,3234.41,19.55,Own Freighter 2,Owned,2026-03-25,8393.97,1539.82,109.54,10043.33
TP-89188,2026-04-18,KUL,MAA,2010.25,9.22,Own Freighter 1,Owned,2026-04-22,3848.75,631.01,181.7,4661.46
TP-89189,2026-05-04,KUL,MAA,3331.88,19.72,Own Freighter 1,Owned,2026-05-07,9544.92,1885.27,215.58,11645.77
TP-89190,2026-03-11,KUL,SIN,2775.22,12.92,Own Freighter 3,Owned,2026-03-14,6749.07,1062.84,178.14,7990.05
TP-89191,2026-01-22,SIN,CGK,2495.22,13.3,Own Freighter 3,Owned,2026-01-25,6977.54,1360.07,167.0,8504.61
TP-89192,2026-04-13,KUL,SIN,3752.21,18.2,Own Freighter 2,Owned,2026-04-17,7082.49,1361.16,44.73,8488.38
TP-89193,2026-05-17,BOM,SIN,2355.16,16.59,Partner Air B,Contract,2026-05-21,6365.09,1130.08,200.64,7695.81
TP-89194,2026-02-18,BKK,MNL,4172.34,28.18,Emirates SkyCargo,Spot,2026-02-19,10053.67,1768.98,132.03,11954.68
TP-89195,2026-06-29,KUL,BLR,2795.28,14.46,MASkargo,Contract,2026-06-30,8620.25,1356.98,126.45,10103.68
TP-89196,2026-03-18,KUL,BOM,3495.28,17.6,Emirates SkyCargo,Contract,2026-03-19,6624.62,1191.87,111.6,7928.09
TP-89197,2026-03-06,KUL,MNL,854.34,4.17,Own Freighter 1,Owned,2026-03-08,1641.92,268.17,84.34,1994.43
TP-89198,2026-06-06,BOM,SIN,2079.85,12.04,Turkish Cargo,Spot,2026-06-07,5558.67,1190.12,152.24,6901.03
TP-89199,2026-03-08,KUL,DEL,734.8,3.72,Own Freighter 3,Owned,2026-03-10,1373.85,223.42,73.98,1671.25
TP-89200,2026-05-09,BKK,MNL,2811.3,17.5,Partner Air B,Contract,2026-05-11,8234.5,1696.1,157.9,10088.5
TP-89201,2026-01-16,SIN,CGK,4128.27,29.51,Own Freighter 3,Owned,2026-01-19,12448.57,1752.51,133.31,14334.39
TP-89202,2026-03-03,KUL,BLR,1586.85,8.44,Partner Air A,Contract,2026-03-04,4017.4,743.98,72.54,4833.92
TP-89203,2026-05-13,BKK,MNL,3509.66,17.82,Turkish Cargo,Contract,2026-05-14,10453.86,2229.0,99.09,12781.95
TP-89204,2026-06-08,KUL,BKK,3273.57,16.26,Own Freighter 3,Owned,2026-06-10,9470.36,1330.19,103.21,10903.76
TP-89205,2026-01-19,KUL,SIN,4111.22,23.31,Own Freighter 1,Owned,2026-01-23,12500.9,2002.49,91.55,14594.94
TP-89206,2026-05-06,KUL,DEL,1199.67,6.83,Partner Air B,Spot,2026-05-08,4121.55,624.34,124.64,4870.53
TP-89207,2026-04-01,BOM,SIN,3161.83,15.23,Partner Air A,Contract,2026-04-05,8617.0,1709.45,186.28,10512.73
TP-89208,2026-03-24,KUL,CGK,1764.12,11.73,Emirates SkyCargo,Contract,2026-03-25,5111.02,997.53,70.33,6178.88
TP-89209,2026-03-01,BKK,MNL,2081.96,11.91,Turkish Cargo,Contract,2026-03-02,6120.21,955.34,174.81,7250.36
TP-89210,2026-03-09,KUL,BLR,3325.87,17.22,MASkargo,Spot,2026-03-10,8399.24,1441.85,125.74,9966.83
TP-89211,2026-04-28,SIN,CGK,3168.94,22.75,Own Freighter 3,Owned,2026-04-30,9677.43,2119.74,144.1,11941.27
TP-89212,2026-02-06,KUL,MAA,1931.37,11.56,MASkargo,Spot,2026-02-08,6073.85,1129.05,123.31,7326.21
TP-89213,2026-06-29,KUL,SIN,4660.6,32.06,Own Freighter 2,Owned,2026-07-03,14478.74,2657.86,141.09,17277.69
TP-89214,2026-06-23,KUL,SIN,1549.17,11.71,Own Freighter 2,Owned,2026-06-27,4538.48,792.64,214.9,5546.02
TP-89215,2026-03-18,KUL,CGK,2328.4,14.53,Turkish Cargo,Contract,2026-03-19,3682.91,698.37,115.17,4496.45
TP-89216,2026-04-13,BKK,MNL,1014.62,5.0,Partner Air B,Contract,2026-04-15,2601.19,394.94,198.24,3194.37
TP-89217,2026-05-09,BOM,SIN,4554.37,34.96,MASkargo,Spot,2026-05-10,14118.38,2628.85,88.66,16835.89
TP-89218,2026-03-06,KUL,DEL,4357.16,23.9,Partner Air B,Contract,2026-03-08,9951.39,2152.71,70.83,12174.93
TP-89219,2026-02-09,DEL,BKK,1325.0,8.82,MASkargo,Spot,2026-02-13,3054.51,597.61,108.72,3760.84
TP-89220,2026-01-08,KUL,BLR,1326.63,8.08,Own Freighter 3,Owned,2026-01-10,2715.92,532.35,75.07,3323.34
TP-89221,2026-06-15,KUL,DEL,4542.62,29.1,Own Freighter 2,Owned,2026-06-19,12349.25,2148.91,214.38,14712.54
TP-89222,2026-01-12,KUL,CGK,3898.12,17.9,Own Freighter 2,Owned,2026-01-14,7991.19,1285.77,130.77,9407.73
TP-89223,2026-05-27,BOM,SIN,3021.37,22.95,Emirates SkyCargo,Contract,2026-05-31,5494.22,769.58,177.7,6441.5
TP-89224,2026-01-19,BKK,MNL,1958.26,12.52,Own Freighter 3,Owned,2026-01-20,4715.27,992.13,126.53,5833.93
TP-89225,2026-05-09,DEL,BKK,3737.7,25.81,Partner Air B,Contract,2026-05-10,6885.28,1097.28,176.27,8158.83
TP-89226,2026-06-16,KUL,SIN,553.36,2.56,Partner Air B,Spot,2026-06-19,1046.89,172.17,35.98,1255.04
TP-89227,2026-02-25,KUL,CGK,483.74,2.5,Own Freighter 3,Owned,2026-03-01,904.7,177.55,174.98,1257.23
TP-89228,2026-02-15,KUL,BOM,4088.04,18.64,Own Freighter 3,Owned,2026-02-18,10081.33,2188.65,168.82,12438.8
TP-89229,2026-04-06,KUL,MAA,3722.5,26.6,Turkish Cargo,Contract,2026-04-07,9846.51,1435.35,185.3,11467.16
TP-89230,2026-05-19,KUL,MAA,3632.76,19.34,Emirates SkyCargo,Spot,2026-05-23,7934.1,1532.46,43.02,9509.58
TP-89231,2026-04-30,KUL,MAA,2694.71,13.03,Emirates SkyCargo,Spot,2026-05-01,7598.62,1557.58,183.24,9339.44
TP-89232,2026-06-10,KUL,MNL,2340.48,13.71,Own Freighter 3,Owned,2026-06-11,3578.55,584.7,135.13,4298.38
TP-89233,2026-05-01,DEL,BKK,3140.79,14.84,Turkish Cargo,Contract,2026-05-05,7537.91,1262.61,113.51,8914.03
TP-89234,2026-05-08,KUL,MNL,658.56,4.5,Own Freighter 2,Owned,2026-05-12,1872.59,274.18,207.91,2354.68
TP-89235,2026-04-17,DEL,BKK,3035.98,16.35,Partner Air A,Spot,2026-04-19,6720.07,1199.08,177.79,8096.94
TP-89236,2026-02-24,BOM,SIN,4576.97,23.52,Partner Air B,Contract,2026-02-28,12839.25,2566.02,82.27,15487.54
TP-89237,2026-05-21,BKK,MNL,2322.59,12.79,Own Freighter 3,Owned,2026-05-23,7126.32,1036.27,127.42,8290.01
TP-89238,2026-05-21,KUL,BLR,1052.93,7.77,Turkish Cargo,Contract,2026-05-24,2106.83,387.16,163.59,2657.58
TP-89239,2026-03-11,KUL,DEL,1738.5,8.89,Partner Air A,Contract,2026-03-12,4857.77,833.46,200.49,5891.72
TP-89240,2026-03-05,BKK,MNL,4617.22,21.71,Turkish Cargo,Spot,2026-03-06,10978.42,1646.64,52.75,12677.81
TP-89241,2026-03-29,KUL,BKK,1191.41,8.61,Turkish Cargo,Contract,2026-04-02,2836.81,466.81,194.49,3498.11
TP-89242,2026-05-02,BKK,MNL,991.15,5.77,Own Freighter 2,Owned,2026-05-03,2325.06,353.61,170.16,2848.83
TP-89243,2026-05-19,DEL,BKK,2565.59,12.88,Partner Air B,Spot,2026-05-23,7409.28,1350.94,207.01,8967.23
TP-89244,2026-01-17,DEL,BKK,1025.25,4.77,Partner Air B,Spot,2026-01-20,2450.24,509.96,210.48,3170.68
TP-89245,2026-01-31,BOM,SIN,3612.73,16.62,Emirates SkyCargo,Spot,2026-02-02,10294.93,1883.49,103.19,12281.61
TP-89246,2026-03-10,KUL,SIN,4141.28,23.64,Partner Air B,Spot,2026-03-12,12148.9,2597.3,57.08,14803.28
TP-89247,2026-06-23,BOM,SIN,1419.41,10.65,Own Freighter 1,Owned,2026-06-26,3252.07,484.21,104.55,3840.83
TP-89248,2026-04-01,KUL,DEL,4643.27,26.7,Own Freighter 2,Owned,2026-04-02,14059.86,2352.43,198.94,16611.23
TP-89249,2026-01-10,KUL,CGK,1245.33,8.14,Partner Air A,Contract,2026-01-12,2124.04,430.78,90.87,2645.69
TP-89250,2026-04-26,DEL,BKK,2028.49,10.69,Own Freighter 1,Owned,2026-04-30,4819.54,804.57,84.19,5708.3
TP-89251,2026-01-27,BOM,SIN,2639.53,12.5,Own Freighter 3,Owned,2026-01-29,7251.93,1184.7,91.12,8527.75
TP-89252,2026-01-01,DEL,BKK,2826.3,18.09,Own Freighter 1,Owned,2026-01-04,8631.61,1271.42,63.51,9966.54
TP-89253,2026-01-21,KUL,DEL,3659.8,26.87,MASkargo,Contract,2026-01-22,8884.82,1370.92,39.86,10295.6
TP-89254,2026-04-30,KUL,BLR,1331.37,7.62,Turkish Cargo,Spot,2026-05-03,3122.78,664.5,144.58,3931.86
TP-89255,2026-05-05,BKK,MNL,2818.98,18.28,MASkargo,Spot,2026-05-08,4462.13,741.21,100.76,5304.1
TP-89256,2026-05-27,KUL,MNL,2565.92,17.43,Partner Air A,Spot,2026-05-31,6588.51,1361.89,179.07,8129.47
TP-89257,2026-05-21,BKK,MNL,271.34,2.04,Emirates SkyCargo,Spot,2026-05-24,422.51,74.23,127.4,624.14
TP-89258,2026-01-29,KUL,DEL,4394.72,29.22,Own Freighter 3,Owned,2026-02-01,13141.46,2238.91,134.15,15514.52
TP-89259,2026-05-03,KUL,BLR,3694.14,18.67,MASkargo,Spot,2026-05-06,5560.68,892.9,176.96,6630.54
TP-89260,2026-01-02,KUL,BOM,1836.75,12.97,Own Freighter 3,Owned,2026-01-03,4101.79,631.65,101.25,4834.69
TP-89261,2026-03-21,BOM,SIN,2480.91,14.43,Emirates SkyCargo,Spot,2026-03-25,4457.95,796.75,170.92,5425.62
TP-89262,2026-02-20,KUL,BKK,4297.85,19.74,Turkish Cargo,Contract,2026-02-23,10855.65,1972.58,43.59,12871.82
TP-89263,2026-05-15,BOM,SIN,2064.77,12.19,Own Freighter 1,Owned,2026-05-17,3213.31,618.8,216.12,4048.23
TP-89264,2026-03-29,KUL,MNL,3314.88,16.46,Partner Air A,Spot,2026-04-01,10560.9,2119.39,194.71,12875.0
TP-89265,2026-05-21,KUL,BOM,3227.46,15.5,MASkargo,Spot,2026-05-22,10774.41,1739.49,36.94,12550.84
TP-89266,2026-03-15,KUL,CGK,4491.14,26.18,Emirates SkyCargo,Spot,2026-03-19,7373.37,1249.17,38.35,8660.89
TP-89267,2026-06-12,KUL,BKK,3099.28,19.09,Emirates SkyCargo,Contract,2026-06-14,8964.69,1587.81,43.41,10595.91
TP-89268,2026-04-24,KUL,SIN,751.78,3.47,MASkargo,Contract,2026-04-28,2152.56,438.66,42.43,2633.65
TP-89269,2026-06-27,KUL,BLR,3013.41,15.86,Turkish Cargo,Contract,2026-07-01,8518.79,1212.59,84.84,9816.22
TP-89270,2026-02-07,KUL,MNL,2460.63,15.69,MASkargo,Contract,2026-02-08,7009.87,1270.15,54.95,8334.97
TP-89271,2026-04-15,KUL,DEL,2174.96,10.73,MASkargo,Contract,2026-04-16,4219.95,641.48,98.82,4960.25
TP-89272,2026-02-01,BKK,MNL,3442.12,22.83,Own Freighter 3,Owned,2026-02-02,8039.59,1618.84,181.4,9839.83
TP-89273,2026-06-19,KUL,MAA,1918.94,9.56,Partner Air B,Spot,2026-06-21,3897.54,586.77,144.7,4629.01
TP-89274,2026-06-27,BKK,MNL,1841.41,12.04,Emirates SkyCargo,Spot,2026-06-29,3725.48,794.72,75.37,4595.57
TP-89275,2026-01-24,DEL,BKK,1171.79,6.38,MASkargo,Contract,2026-01-28,3157.33,468.09,204.62,3830.04
TP-89276,2026-05-18,KUL,BOM,4366.01,30.0,Own Freighter 3,Owned,2026-05-19,11942.94,2009.69,149.6,14102.23
TP-89277,2026-01-18,KUL,MNL,2975.28,17.75,Emirates SkyCargo,Spot,2026-01-19,6685.52,1167.76,97.54,7950.82
TP-89278,2026-03-21,KUL,BOM,4029.78,19.6,Own Freighter 3,Owned,2026-03-25,15112.1,2261.56,46.69,17420.35
TP-89279,2026-04-18,KUL,MNL,3534.44,25.62,Partner Air B,Contract,2026-04-19,9480.91,1334.42,167.95,10983.28
TP-89280,2026-06-24,KUL,BKK,1732.7,11.12,MASkargo,Spot,2026-06-26,4134.24,780.47,205.66,5120.37
TP-89281,2026-04-02,BKK,MNL,2976.72,15.4,Turkish Cargo,Spot,2026-04-06,8506.17,1320.71,149.33,9976.21
TP-89282,2026-06-08,KUL,BKK,659.87,3.37,Partner Air B,Contract,2026-06-09,1143.85,187.19,205.64,1536.68
TP-89283,2026-03-07,KUL,BOM,2229.4,12.65,Own Freighter 2,Owned,2026-03-10,7062.81,1303.28,214.07,8580.16
TP-89284,2026-06-07,KUL,BKK,3077.79,18.52,Turkish Cargo,Spot,2026-06-10,6942.54,1519.73,157.23,8619.5
TP-89285,2026-03-05,KUL,BKK,3181.56,24.2,Turkish Cargo,Spot,2026-03-06,8429.44,1643.27,119.35,10192.06
TP-89286,2026-04-11,KUL,MAA,1281.54,6.83,Own Freighter 3,Owned,2026-04-14,3792.89,660.71,165.56,4619.16
TP-89287,2026-03-24,SIN,CGK,1213.66,5.63,Turkish Cargo,Contract,2026-03-25,2414.46,418.77,52.94,2886.17
TP-89288,2026-04-09,KUL,MAA,3906.21,21.6,Own Freighter 1,Owned,2026-04-12,5939.69,1246.99,196.89,7383.57
TP-89289,2026-03-24,KUL,BKK,1196.81,7.1,Turkish Cargo,Spot,2026-03-25,2719.96,541.53,194.88,3456.37
TP-89290,2026-01-27,DEL,BKK,988.99,6.47,Partner Air B,Spot,2026-01-30,2546.29,477.56,81.79,3105.64
TP-89291,2026-06-22,KUL,BKK,773.77,4.34,Emirates SkyCargo,Contract,2026-06-26,1694.63,255.4,215.05,2165.08
TP-89292,2026-01-12,KUL,BOM,3503.12,25.74,MASkargo,Spot,2026-01-14,9659.7,1462.96,112.0,11234.66
TP-89293,2026-05-28,KUL,MNL,1424.48,10.05,Partner Air A,Contract,2026-05-30,3745.44,672.64,205.71,4623.79
TP-89294,2026-03-11,KUL,CGK,2882.2,13.54,Partner Air A,Spot,2026-03-15,6195.46,1313.21,206.2,7714.87
TP-89295,2026-02-02,KUL,MNL,591.52,3.11,Partner Air B,Contract,2026-02-05,1495.66,328.52,90.44,1914.62
TP-89296,2026-06-10,KUL,BOM,2465.22,15.08,Own Freighter 3,Owned,2026-06-14,6840.02,1234.98,37.16,8112.16
TP-89297,2026-03-24,BOM,SIN,3678.72,22.99,Turkish Cargo,Contract,2026-03-28,9116.04,1795.43,162.61,11074.08
TP-89298,2026-06-14,BKK,MNL,3532.87,18.45,Own Freighter 3,Owned,2026-06-18,10484.05,1668.7,98.57,12251.32
TP-89299,2026-03-02,KUL,DEL,3171.95,18.04,Own Freighter 3,Owned,2026-03-05,10811.34,2204.81,144.04,13160.19
TP-89300,2026-03-08,KUL,BOM,573.77,3.9,Emirates SkyCargo,Spot,2026-03-09,1286.11,220.39,72.49,1578.99
TP-89301,2026-06-04,SIN,CGK,533.43,2.94,MASkargo,Contract,2026-06-05,1384.9,256.18,218.53,1859.61
TP-89302,2026-06-12,BKK,MNL,3505.65,25.71,MASkargo,Contract,2026-06-14,6878.25,1113.37,162.75,8154.37
TP-89303,2026-04-02,KUL,BLR,4709.13,27.75,Own Freighter 2,Owned,2026-04-06,14133.06,2405.79,183.96,16722.81
TP-89304,2026-02-03,BOM,SIN,2160.05,14.6,Own Freighter 3,Owned,2026-02-05,4024.45,703.03,164.15,4891.63
TP-89305,2026-03-16,KUL,BKK,4168.73,26.82,Partner Air B,Contract,2026-03-19,13334.26,2662.94,216.62,16213.82
TP-89306,2026-04-23,KUL,BLR,3511.72,21.13,Own Freighter 1,Owned,2026-04-25,5912.76,1258.68,187.0,7358.44
TP-89307,2026-02-20,BOM,SIN,1625.64,7.64,Own Freighter 3,Owned,2026-02-22,3212.49,697.8,190.0,4100.29
TP-89308,2026-04-13,KUL,DEL,1276.76,6.35,Partner Air B,Spot,2026-04-17,4538.77,801.6,94.32,5434.69
TP-89309,2026-06-30,KUL,SIN,1909.98,12.19,Turkish Cargo,Spot,2026-07-03,5382.57,961.03,196.84,6540.44
TP-89310,2026-03-14,KUL,SIN,1045.23,5.76,Turkish Cargo,Contract,2026-03-18,2462.16,445.9,180.95,3089.01
TP-89311,2026-05-24,KUL,BKK,4590.34,22.63,MASkargo,Contract,2026-05-26,9710.94,1644.04,116.18,11471.16
TP-89312,2026-03-12,KUL,MAA,4692.94,21.65,Emirates SkyCargo,Contract,2026-03-13,10028.18,1491.47,199.42,11719.07
TP-89313,2026-03-26,KUL,DEL,2989.69,13.6,Emirates SkyCargo,Spot,2026-03-27,8304.84,1360.12,157.53,9822.49
TP-89314,2026-04-07,KUL,CGK,1781.09,9.93,Turkish Cargo,Spot,2026-04-08,4753.78,842.11,167.6,5763.49
TP-89315,2026-05-22,KUL,BLR,4055.4,20.95,Turkish Cargo,Contract,2026-05-25,11787.75,2191.92,209.26,14188.93
TP-89316,2026-01-17,BOM,SIN,1466.89,7.34,Emirates SkyCargo,Contract,2026-01-20,3381.77,483.08,157.79,4022.64
TP-89317,2026-01-09,KUL,CGK,1317.58,10.04,Turkish Cargo,Spot,2026-01-10,3937.62,788.26,219.37,4945.25
TP-89318,2026-03-28,BKK,MNL,3497.21,18.23,Partner Air B,Spot,2026-03-31,8597.12,1314.2,53.92,9965.24
TP-89319,2026-04-29,KUL,CGK,2019.28,9.82,Emirates SkyCargo,Contract,2026-05-01,3075.73,482.92,105.83,3664.48
TP-89320,2026-04-20,KUL,BOM,3276.98,16.37,Own Freighter 2,Owned,2026-04-24,11107.34,2144.65,205.31,13457.3
TP-89321,2026-02-15,KUL,MAA,817.95,4.38,Own Freighter 2,Owned,2026-02-19,1363.88,258.77,151.06,1773.71
TP-89322,2026-03-07,KUL,MAA,280.27,1.73,Partner Air B,Spot,2026-03-09,494.93,84.93,210.13,789.99
TP-89323,2026-05-04,KUL,MAA,193.99,0.91,Emirates SkyCargo,Spot,2026-05-08,354.72,56.71,216.63,628.06
TP-89324,2026-06-11,KUL,BOM,3911.62,19.1,MASkargo,Spot,2026-06-12,13059.43,2803.48,88.79,15951.7
TP-89325,2026-05-30,DEL,BKK,2174.81,10.35,Own Freighter 1,Owned,2026-05-31,6512.46,1418.9,79.83,8011.19
TP-89326,2026-01-13,SIN,CGK,2337.44,13.17,Own Freighter 2,Owned,2026-01-15,6046.22,1185.93,123.36,7355.51
TP-89327,2026-03-12,KUL,DEL,785.36,3.64,Partner Air A,Spot,2026-03-16,2796.45,515.55,185.54,3497.54
TP-89328,2026-03-07,SIN,CGK,949.58,5.05,Own Freighter 3,Owned,2026-03-08,1500.22,242.02,193.62,1935.86
TP-89329,2026-04-04,KUL,DEL,1159.5,6.79,Own Freighter 3,Owned,2026-04-07,4140.81,656.34,117.09,4914.24
TP-89330,2026-06-21,KUL,MNL,3483.11,19.83,Partner Air B,Spot,2026-06-25,5401.77,929.6,70.89,6402.26
TP-89331,2026-03-09,KUL,MNL,3355.46,24.1,Own Freighter 3,Owned,2026-03-11,5610.99,1090.05,47.27,6748.31
TP-89332,2026-03-30,KUL,SIN,2816.04,16.51,Own Freighter 1,Owned,2026-04-03,8623.49,1631.11,172.76,10427.36
TP-89333,2026-05-14,KUL,BKK,2053.38,14.29,Turkish Cargo,Contract,2026-05-16,5036.79,735.85,214.34,5986.98
TP-89334,2026-06-10,KUL,BOM,3238.61,15.14,Turkish Cargo,Spot,2026-06-13,6551.25,996.51,110.02,7657.78
TP-89335,2026-04-14,SIN,CGK,3022.56,21.17,Own Freighter 3,Owned,2026-04-16,8069.66,1593.17,122.4,9785.23
TP-89336,2026-06-12,KUL,BLR,1514.39,6.88,Partner Air A,Contract,2026-06-13,2830.85,576.62,128.66,3536.13
TP-89337,2026-01-29,BOM,SIN,526.95,3.32,Emirates SkyCargo,Spot,2026-01-31,806.4,120.62,107.27,1034.29
TP-89338,2026-01-07,KUL,MNL,3856.61,18.68,Emirates SkyCargo,Contract,2026-01-09,7984.28,1307.71,94.75,9386.74
TP-89339,2026-05-28,BKK,MNL,4213.66,19.78,Turkish Cargo,Spot,2026-05-29,7761.15,1177.98,92.78,9031.91
TP-89340,2026-03-02,KUL,CGK,2510.28,18.97,Partner Air A,Spot,2026-03-06,7113.2,1342.55,39.08,8494.83
TP-89341,2026-06-26,KUL,DEL,1675.68,10.68,Own Freighter 2,Owned,2026-06-27,3313.55,619.08,146.94,4079.57
TP-89342,2026-03-04,BKK,MNL,3357.08,17.21,MASkargo,Contract,2026-03-08,8399.37,1263.54,133.89,9796.8
TP-89343,2026-02-16,KUL,DEL,4136.24,24.71,MASkargo,Contract,2026-02-19,13141.32,2573.67,67.85,15782.84
TP-89344,2026-01-25,KUL,SIN,429.84,2.1,Own Freighter 1,Owned,2026-01-26,667.95,136.4,85.46,889.81
TP-89345,2026-03-29,BKK,MNL,427.13,2.33,MASkargo,Contract,2026-03-30,695.74,151.75,202.49,1049.98
TP-89346,2026-04-30,KUL,SIN,1710.94,11.97,MASkargo,Spot,2026-05-01,3229.1,559.8,69.2,3858.1
TP-89347,2026-01-17,BOM,SIN,1646.74,10.85,Own Freighter 2,Owned,2026-01-20,4792.43,849.95,38.91,5681.29
TP-89348,2026-06-10,SIN,CGK,2440.43,18.36,Turkish Cargo,Spot,2026-06-13,5506.34,1123.65,135.08,6765.07
TP-89349,2026-03-26,KUL,DEL,4337.93,27.26,Own Freighter 2,Owned,2026-03-29,14725.57,2290.94,45.37,17061.88
TP-89350,2026-01-08,BKK,MNL,199.61,1.48,Turkish Cargo,Spot,2026-01-10,386.51,70.03,199.85,656.39
TP-89351,2026-02-20,BKK,MNL,3369.88,22.74,Emirates SkyCargo,Contract,2026-02-24,7402.76,1462.31,124.53,8989.6
TP-89352,2026-01-03,KUL,DEL,2324.75,13.87,MASkargo,Spot,2026-01-05,7521.68,1386.12,161.71,9069.51
TP-89353,2026-03-06,BOM,SIN,301.14,1.48,Partner Air A,Spot,2026-03-08,545.71,107.57,208.19,861.47
TP-89354,2026-02-01,KUL,SIN,3304.79,24.7,Partner Air A,Spot,2026-02-05,10338.36,2254.84,163.66,12756.86
TP-89355,2026-02-14,KUL,BOM,4333.57,30.64,Partner Air B,Spot,2026-02-16,8476.88,1525.78,124.92,10127.58
TP-89356,2026-05-26,DEL,BKK,2784.29,15.12,Own Freighter 1,Owned,2026-05-27,5227.34,774.12,123.88,6125.34
TP-89357,2026-03-09,BOM,SIN,2430.41,18.59,Own Freighter 3,Owned,2026-03-12,5757.66,819.58,162.84,6740.08
TP-89358,2026-04-04,KUL,BLR,1834.09,9.38,Own Freighter 3,Owned,2026-04-06,3664.37,708.03,95.23,4467.63
TP-89359,2026-02-24,KUL,MNL,927.37,4.55,Own Freighter 2,Owned,2026-02-26,1743.7,311.96,42.67,2098.33
TP-89360,2026-01-07,KUL,BKK,3047.7,23.02,Turkish Cargo,Spot,2026-01-08,8742.95,1784.81,163.65,10691.41
TP-89361,2026-02-15,DEL,BKK,2991.18,18.56,Own Freighter 1,Owned,2026-02-18,6558.95,1148.51,103.03,7810.49
TP-89362,2026-06-27,KUL,MAA,3602.29,16.45,Emirates SkyCargo,Contract,2026-06-29,7719.42,1642.94,190.26,9552.62
TP-89363,2026-06-14,BKK,MNL,2074.35,10.48,Own Freighter 2,Owned,2026-06-18,3923.88,784.79,38.05,4746.72
TP-89364,2026-03-24,KUL,MAA,3778.76,18.07,Emirates SkyCargo,Contract,2026-03-27,6962.95,1106.91,162.86,8232.72
TP-89365,2026-02-11,KUL,MNL,2488.39,11.6,Emirates SkyCargo,Spot,2026-02-13,7256.6,1100.0,171.46,8528.06
TP-89366,2026-02-09,SIN,CGK,3403.32,20.11,Partner Air A,Contract,2026-02-12,8470.01,1641.96,210.98,10322.95
TP-89367,2026-05-02,BOM,SIN,4549.41,22.3,Partner Air A,Spot,2026-05-04,12883.36,2536.93,76.35,15496.64
TP-89368,2026-04-23,KUL,CGK,2251.77,11.5,Own Freighter 3,Owned,2026-04-25,3425.75,689.24,54.99,4169.98
TP-89369,2026-03-16,KUL,BLR,3604.33,25.45,Emirates SkyCargo,Spot,2026-03-20,7523.83,1432.42,54.01,9010.26
TP-89370,2026-02-14,KUL,MNL,4228.95,19.8,Turkish Cargo,Spot,2026-02-16,6675.84,1088.29,173.34,7937.47
TP-89371,2026-02-11,KUL,MAA,2407.72,14.45,MASkargo,Spot,2026-02-13,5892.12,848.84,71.98,6812.94
TP-89372,2026-02-22,DEL,BKK,3896.37,29.53,Partner Air A,Spot,2026-02-23,9987.73,1716.67,158.63,11863.03
TP-89373,2026-03-27,KUL,CGK,2901.54,19.08,Partner Air B,Spot,2026-03-28,5518.7,801.23,142.17,6462.1
TP-89374,2026-03-05,KUL,BKK,1906.27,11.25,Partner Air A,Spot,2026-03-08,3804.0,774.14,66.93,4645.07
TP-89375,2026-06-06,BKK,MNL,4698.32,23.3,Own Freighter 1,Owned,2026-06-08,7280.6,1028.85,170.75,8480.2
TP-89376,2026-01-02,KUL,BLR,3179.11,20.55,Partner Air B,Spot,2026-01-05,8495.54,1467.78,40.31,10003.63
TP-89377,2026-01-06,BOM,SIN,3132.35,16.78,Turkish Cargo,Contract,2026-01-10,6118.05,1040.64,203.01,7361.7
TP-89378,2026-02-23,BKK,MNL,572.28,2.75,Turkish Cargo,Contract,2026-02-25,1074.01,209.46,143.25,1426.72
TP-89379,2026-03-07,KUL,DEL,4201.62,27.35,Emirates SkyCargo,Spot,2026-03-08,13608.12,2652.9,177.12,16438.14
TP-89380,2026-04-26,BOM,SIN,2077.69,10.66,MASkargo,Contract,2026-04-30,4109.43,720.58,35.84,4865.85
TP-89381,2026-05-06,KUL,BLR,848.94,4.02,Own Freighter 1,Owned,2026-05-08,2000.18,412.9,149.87,2562.95
TP-89382,2026-04-16,KUL,MNL,3857.34,25.6,Emirates SkyCargo,Contract,2026-04-17,9402.54,1668.51,151.4,11222.45
TP-89383,2026-03-22,KUL,MAA,483.92,3.29,Own Freighter 3,Owned,2026-03-23,1042.4,187.34,160.5,1390.24
TP-89384,2026-05-14,KUL,CGK,272.11,1.4,Own Freighter 1,Owned,2026-05-18,623.36,121.57,45.48,790.41
TP-89385,2026-04-27,BKK,MNL,2451.86,14.67,Partner Air B,Spot,2026-04-29,7328.37,1158.67,177.62,8664.66
TP-89386,2026-05-15,KUL,MAA,4157.76,28.05,Turkish Cargo,Contract,2026-05-17,8233.74,1533.22,66.77,9833.73
TP-89387,2026-05-25,KUL,MNL,1870.93,12.71,MASkargo,Contract,2026-05-28,3114.49,437.55,167.41,3719.45
TP-89388,2026-05-12,KUL,CGK,4110.5,20.15,Turkish Cargo,Spot,2026-05-16,9373.08,1385.07,50.8,10808.95
TP-89389,2026-01-28,BKK,MNL,2538.97,12.34,Partner Air B,Contract,2026-02-01,6502.03,1224.94,53.93,7780.9
TP-89390,2026-02-13,KUL,SIN,1051.93,6.24,Own Freighter 3,Owned,2026-02-17,1885.3,340.32,52.68,2278.3
TP-89391,2026-03-06,KUL,BKK,4630.93,22.34,Own Freighter 3,Owned,2026-03-09,11835.55,2181.67,82.9,14100.12
TP-89392,2026-02-02,DEL,BKK,3681.01,19.94,Own Freighter 1,Owned,2026-02-03,11217.52,2428.05,137.63,13783.2
TP-89393,2026-06-29,BOM,SIN,1139.7,7.23,Own Freighter 2,Owned,2026-07-03,2660.66,524.75,151.19,3336.6
TP-89394,2026-01-08,KUL,MAA,3129.86,18.56,Own Freighter 2,Owned,2026-01-10,6737.4,1476.66,56.78,8270.84
TP-89395,2026-06-01,KUL,CGK,4022.83,28.14,Own Freighter 2,Owned,2026-06-02,8526.7,1194.6,72.74,9794.04
TP-89396,2026-05-01,KUL,DEL,3118.03,19.03,Own Freighter 2,Owned,2026-05-04,5926.5,1185.15,104.74,7216.39
TP-89397,2026-05-27,KUL,BKK,999.42,6.36,Partner Air B,Spot,2026-05-30,2015.94,410.89,140.47,2567.3
TP-89398,2026-01-25,KUL,MNL,4288.54,24.85,Own Freighter 2,Owned,2026-01-29,12175.6,2669.22,47.03,14891.85
TP-89399,2026-01-04,KUL,BLR,3304.07,20.63,Partner Air A,Contract,2026-01-05,6455.96,1382.55,183.55,8022.06
TP-89400,2026-05-30,SIN,CGK,3943.11,24.62,Own Freighter 2,Owned,2026-06-03,7450.84,1242.82,151.33,8844.99
TP-89401,2026-02-08,KUL,MNL,2306.23,11.76,Partner Air B,Spot,2026-02-12,7094.11,1246.31,199.24,8539.66
TP-89402,2026-03-12,KUL,MAA,4767.75,30.55,Partner Air A,Contract,2026-03-16,14176.71,2536.22,185.79,16898.72
TP-89403,2026-02-07,KUL,BKK,3041.01,16.03,Own Freighter 2,Owned,2026-02-09,4729.68,1014.66,135.12,5879.46
TP-89404,2026-05-29,KUL,DEL,1713.68,10.22,Own Freighter 1,Owned,2026-05-31,5103.83,939.42,190.91,6234.16
TP-89405,2026-04-18,DEL,BKK,2724.64,13.45,MASkargo,Contract,2026-04-22,6657.44,1388.42,170.38,8216.24
TP-89406,2026-06-19,KUL,BOM,382.72,2.89,Partner Air A,Spot,2026-06-22,856.48,162.85,98.41,1117.74
TP-89407,2026-01-16,KUL,MNL,3643.06,22.2,Turkish Cargo,Contract,2026-01-18,7966.99,1386.72,53.48,9407.19
TP-89408,2026-03-19,KUL,BLR,1604.04,7.6,Own Freighter 1,Owned,2026-03-20,3675.42,726.76,41.67,4443.85
TP-89409,2026-06-11,KUL,SIN,193.89,1.01,Own Freighter 3,Owned,2026-06-13,390.59,57.13,54.53,502.25
TP-89410,2026-04-02,SIN,CGK,4211.45,23.15,Own Freighter 2,Owned,2026-04-04,12611.31,1989.31,141.93,14742.55
TP-89411,2026-03-27,BOM,SIN,1133.83,7.58,Partner Air A,Contract,2026-03-28,2872.03,579.7,54.41,3506.14
TP-89412,2026-02-06,KUL,BOM,2182.37,14.67,Own Freighter 3,Owned,2026-02-10,7942.97,1201.8,127.61,9272.38
TP-89413,2026-04-07,KUL,BKK,873.8,6.15,Own Freighter 2,Owned,2026-04-10,2612.04,416.18,79.57,3107.79
TP-89414,2026-01-04,KUL,DEL,4117.8,24.69,Own Freighter 3,Owned,2026-01-06,9636.55,1715.76,208.31,11560.62
TP-89415,2026-05-28,KUL,BOM,4451.89,34.12,Own Freighter 1,Owned,2026-05-30,13028.34,2537.24,172.15,15737.73
TP-89416,2026-05-15,DEL,BKK,4434.99,31.39,Own Freighter 2,Owned,2026-05-18,10603.34,2081.39,46.44,12731.17
TP-89417,2026-05-15,KUL,CGK,3566.12,20.29,Partner Air A,Spot,2026-05-16,7950.85,1735.07,76.41,9762.33
TP-89418,2026-06-03,KUL,BKK,452.65,2.07,Own Freighter 1,Owned,2026-06-05,1231.03,219.87,89.35,1540.25
TP-89419,2026-02-20,KUL,BOM,393.67,2.75,Partner Air A,Contract,2026-02-23,931.73,157.81,208.55,1298.09
TP-89420,2026-03-12,DEL,BKK,3773.9,24.4,Emirates SkyCargo,Contract,2026-03-14,8244.62,1250.88,204.11,9699.61
TP-89421,2026-05-02,KUL,SIN,2080.46,11.26,Emirates SkyCargo,Contract,2026-05-03,5424.69,906.4,188.8,6519.89
TP-89422,2026-03-02,BOM,SIN,3888.39,20.43,Own Freighter 3,Owned,2026-03-04,7042.54,1111.6,174.28,8328.42
TP-89423,2026-01-02,SIN,CGK,2126.78,14.73,Partner Air B,Contract,2026-01-05,3618.2,711.27,60.32,4389.79
TP-89424,2026-03-06,KUL,BKK,1062.73,5.0,Emirates SkyCargo,Contract,2026-03-10,2676.44,466.92,38.61,3181.97
TP-89425,2026-06-30,BKK,MNL,2003.2,12.61,Own Freighter 3,Owned,2026-07-03,4624.36,953.38,148.7,5726.44
TP-89426,2026-04-17,KUL,BKK,3768.18,17.32,Own Freighter 1,Owned,2026-04-18,10841.95,2142.84,145.23,13130.02
TP-89427,2026-06-15,KUL,MAA,3886.47,27.56,Own Freighter 2,Owned,2026-06-16,11688.86,2100.88,82.83,13872.57
TP-89428,2026-01-02,KUL,SIN,318.61,1.98,MASkargo,Contract,2026-01-06,671.67,139.16,161.98,972.81
TP-89429,2026-02-18,KUL,MNL,1438.39,10.13,Partner Air B,Contract,2026-02-21,2972.35,599.79,163.61,3735.75
TP-89430,2026-04-29,KUL,SIN,1074.93,6.08,Own Freighter 3,Owned,2026-05-02,1680.37,267.47,89.21,2037.05
TP-89431,2026-05-25,KUL,BOM,193.03,1.04,Emirates SkyCargo,Spot,2026-05-26,399.22,60.16,56.62,516.0
TP-89432,2026-03-11,KUL,BKK,1796.51,9.56,Turkish Cargo,Spot,2026-03-13,3787.09,793.44,144.11,4724.64
TP-89433,2026-04-04,KUL,BKK,1594.64,7.6,Own Freighter 3,Owned,2026-04-07,2585.74,386.1,165.34,3137.18
TP-89434,2026-01-03,KUL,BLR,1366.48,7.21,Partner Air A,Spot,2026-01-06,3262.2,712.79,89.78,4064.77
TP-89435,2026-02-26,KUL,MNL,610.44,3.44,Own Freighter 3,Owned,2026-02-27,1046.34,156.2,198.26,1400.8
TP-89436,2026-06-29,KUL,BOM,2919.91,14.14,Partner Air B,Contract,2026-07-03,9439.89,1828.32,116.97,11385.18
TP-89437,2026-06-10,KUL,SIN,1779.92,8.46,Turkish Cargo,Spot,2026-06-14,5159.1,931.53,98.44,6189.07
TP-89438,2026-02-17,KUL,SIN,724.0,3.81,Turkish Cargo,Contract,2026-02-19,1263.85,245.52,118.77,1628.14
TP-89439,2026-05-01,KUL,BLR,1105.78,5.16,Turkish Cargo,Contract,2026-05-05,2416.44,395.43,56.52,2868.39
TP-89440,2026-04-11,KUL,BOM,4246.92,19.63,Partner Air A,Spot,2026-04-12,8589.64,1526.54,44.15,10160.33
TP-89441,2026-01-03,KUL,MNL,1893.16,14.01,Emirates SkyCargo,Contract,2026-01-07,4400.29,707.36,130.46,5238.11
TP-89442,2026-03-07,KUL,BKK,812.86,3.94,Partner Air B,Contract,2026-03-08,2262.51,422.61,63.92,2749.04
TP-89443,2026-04-20,KUL,SIN,1560.6,7.2,MASkargo,Spot,2026-04-24,2696.84,421.07,83.37,3201.28
TP-89444,2026-03-08,KUL,DEL,4608.27,27.98,MASkargo,Contract,2026-03-11,17261.03,3098.16,178.13,20537.32
TP-89445,2026-01-28,SIN,CGK,1378.65,9.29,Own Freighter 3,Owned,2026-01-29,2278.4,376.74,214.24,2869.38
TP-89446,2026-04-23,KUL,DEL,3975.66,18.82,Own Freighter 3,Owned,2026-04-26,13633.57,2386.35,39.65,16059.57
TP-89447,2026-02-09,KUL,BOM,154.34,0.84,Own Freighter 3,Owned,2026-02-12,464.57,81.9,188.73,735.2
TP-89448,2026-02-05,KUL,MAA,4190.66,23.63,MASkargo,Contract,2026-02-08,8507.38,1263.12,145.78,9916.28
TP-89449,2026-04-07,BOM,SIN,3632.06,26.46,Emirates SkyCargo,Spot,2026-04-10,11618.79,2483.12,131.45,14233.36
TP-89450,2026-05-01,SIN,CGK,3543.2,24.86,MASkargo,Contract,2026-05-03,9026.48,1893.08,214.77,11134.33
TP-89451,2026-02-05,KUL,MAA,1348.67,9.35,Partner Air A,Spot,2026-02-07,3356.19,629.08,196.4,4181.67
TP-89452,2026-06-24,BOM,SIN,1737.19,9.56,Emirates SkyCargo,Contract,2026-06-26,4303.7,654.5,38.9,4997.1
TP-89453,2026-06-17,KUL,BOM,4228.03,22.59,Own Freighter 1,Owned,2026-06-20,9204.58,1589.34,171.42,10965.34
TP-89454,2026-03-26,KUL,DEL,2060.11,13.43,Own Freighter 3,Owned,2026-03-29,5723.12,1241.81,76.48,7041.41
TP-89455,2026-04-29,KUL,MNL,4767.27,32.36,Own Freighter 3,Owned,2026-05-02,8359.83,1387.96,143.82,9891.61
TP-89456,2026-01-10,SIN,CGK,3232.59,23.76,MASkargo,Spot,2026-01-12,5684.65,863.62,37.14,6585.41
TP-89457,2026-04-23,KUL,BOM,3775.99,18.37,Partner Air A,Contract,2026-04-24,8914.6,1923.68,154.07,10992.35
TP-89458,2026-01-09,KUL,MNL,4790.74,34.2,Own Freighter 1,Owned,2026-01-11,7605.42,1400.14,205.39,9210.95
TP-89459,2026-03-06,DEL,BKK,1932.05,13.59,Turkish Cargo,Contract,2026-03-10,4340.37,727.28,138.95,5206.6
TP-89460,2026-03-24,KUL,CGK,3251.14,21.03,Partner Air B,Contract,2026-03-26,7031.08,1314.7,133.84,8479.62
TP-89461,2026-04-04,DEL,BKK,4784.29,27.46,Partner Air B,Spot,2026-04-05,12195.44,1783.99,42.15,14021.58
TP-89462,2026-04-17,KUL,DEL,4457.62,22.29,Turkish Cargo,Contract,2026-04-18,15420.16,2848.09,124.66,18392.91
TP-89463,2026-02-01,KUL,BKK,241.28,1.29,MASkargo,Contract,2026-02-02,595.02,119.18,119.31,833.51
TP-89464,2026-01-28,KUL,BKK,2138.44,12.09,Own Freighter 3,Owned,2026-01-31,4290.15,616.91,148.02,5055.08
TP-89465,2026-03-04,KUL,BKK,1805.9,8.88,Turkish Cargo,Spot,2026-03-08,3873.29,702.91,159.15,4735.35
TP-89466,2026-06-15,KUL,SIN,2081.19,11.3,MASkargo,Spot,2026-06-17,5707.89,944.77,54.17,6706.83
TP-89467,2026-06-25,KUL,CGK,883.07,4.83,Turkish Cargo,Spot,2026-06-26,2000.51,355.68,152.07,2508.26
TP-89468,2026-04-04,BKK,MNL,1038.45,7.46,Partner Air B,Spot,2026-04-06,2567.18,364.23,212.74,3144.15
TP-89469,2026-03-23,KUL,MNL,3139.18,18.6,Own Freighter 3,Owned,2026-03-27,5707.11,826.38,109.39,6642.88
TP-89470,2026-02-02,KUL,MNL,4195.83,20.48,Emirates SkyCargo,Spot,2026-02-04,12842.96,2701.48,218.58,15763.02
TP-89471,2026-03-18,KUL,BKK,2408.86,13.01,Own Freighter 2,Owned,2026-03-22,6674.43,957.03,139.49,7770.95
TP-89472,2026-04-07,KUL,BKK,331.32,1.52,Partner Air B,Spot,2026-04-10,996.94,175.39,98.7,1271.03
TP-89473,2026-01-19,BKK,MNL,2943.02,13.42,Own Freighter 1,Owned,2026-01-23,6011.38,1258.68,40.68,7310.74
TP-89474,2026-04-04,KUL,SIN,3299.27,17.47,Own Freighter 2,Owned,2026-04-05,9050.92,1755.51,105.51,10911.94
TP-89475,2026-04-19,KUL,CGK,4096.81,23.09,Partner Air A,Spot,2026-04-21,13098.53,2340.51,156.81,15595.85
TP-89476,2026-01-17,KUL,SIN,2830.56,14.94,Own Freighter 2,Owned,2026-01-18,8147.71,1269.7,36.23,9453.64
TP-89477,2026-06-17,KUL,DEL,4271.13,26.73,Own Freighter 1,Owned,2026-06-20,13982.64,2462.19,132.86,16577.69
TP-89478,2026-06-12,SIN,CGK,4396.73,28.16,Turkish Cargo,Spot,2026-06-16,8434.93,1192.09,108.98,9736.0
TP-89479,2026-02-18,SIN,CGK,3540.44,17.53,Emirates SkyCargo,Contract,2026-02-20,7421.11,1499.81,129.78,9050.7
TP-89480,2026-06-19,BKK,MNL,3740.85,19.62,Partner Air A,Spot,2026-06-21,9149.52,1938.51,88.21,11176.24
TP-89481,2026-06-18,BOM,SIN,575.18,3.3,Turkish Cargo,Contract,2026-06-20,1675.97,243.22,197.11,2116.3
TP-89482,2026-01-07,KUL,SIN,939.55,6.81,Own Freighter 2,Owned,2026-01-11,2638.86,444.5,44.29,3127.65
TP-89483,2026-01-25,DEL,BKK,1425.33,9.25,Emirates SkyCargo,Contract,2026-01-26,4253.35,674.07,127.3,5054.72
TP-89484,2026-06-29,BOM,SIN,1822.42,10.52,MASkargo,Spot,2026-06-30,3021.62,641.65,100.11,3763.38
TP-89485,2026-03-13,KUL,BLR,4572.63,31.73,Own Freighter 1,Owned,2026-03-16,11130.18,1963.69,145.09,13238.96
TP-89486,2026-02-09,KUL,DEL,3106.3,22.82,Emirates SkyCargo,Contract,2026-02-11,8334.67,1592.05,39.32,9966.04
TP-89487,2026-02-14,KUL,MNL,4632.2,23.49,Turkish Cargo,Contract,2026-02-15,11661.69,2557.43,45.94,14265.06
TP-89488,2026-03-01,KUL,BOM,2088.72,11.77,Turkish Cargo,Spot,2026-03-04,5107.96,983.8,148.86,6240.62
TP-89489,2026-04-08,BKK,MNL,4553.24,22.22,MASkargo,Spot,2026-04-11,11506.29,2315.83,58.49,13880.61
TP-89490,2026-03-16,KUL,MAA,814.03,4.07,Partner Air B,Contract,2026-03-20,1768.58,334.36,126.15,2229.09
TP-89491,2026-05-28,SIN,CGK,1410.45,7.33,Own Freighter 3,Owned,2026-06-01,4495.06,755.66,56.67,5307.39
TP-89492,2026-05-06,SIN,CGK,3616.51,27.4,MASkargo,Contract,2026-05-08,8110.18,1648.24,94.2,9852.62
TP-89493,2026-03-14,KUL,CGK,869.11,5.78,Own Freighter 1,Owned,2026-03-16,1915.63,321.46,125.37,2362.46
TP-89494,2026-01-28,KUL,SIN,414.52,2.38,Turkish Cargo,Contract,2026-01-30,749.84,107.75,54.91,912.5
TP-89495,2026-04-30,BKK,MNL,2692.48,12.42,Partner Air A,Spot,2026-05-04,7615.97,1353.54,70.09,9039.6
TP-89496,2026-01-03,KUL,DEL,3647.28,18.15,Partner Air B,Contract,2026-01-07,11530.46,1807.97,159.01,13497.44
TP-89497,2026-03-21,KUL,BLR,3994.59,19.79,Own Freighter 2,Owned,2026-03-23,8110.46,1254.21,144.31,9508.98
TP-89498,2026-03-08,KUL,BOM,2520.39,18.6,Own Freighter 1,Owned,2026-03-12,5212.1,1044.74,182.11,6438.95
TP-89499,2026-06-29,KUL,MAA,2409.5,15.14,Own Freighter 2,Owned,2026-07-01,5896.75,1195.67,145.99,7238.41
TP-89500,2026-02-20,KUL,BLR,4689.48,23.2,Partner Air A,Contract,2026-02-23,14886.97,2110.64,63.96,17061.57
TP-89501,2026-04-01,KUL,BOM,943.26,5.24,Own Freighter 3,Owned,2026-04-02,2268.45,322.98,145.94,2737.37
TP-89502,2026-01-25,KUL,BOM,892.24,6.66,Own Freighter 3,Owned,2026-01-29,3093.37,579.72,194.59,3867.68
TP-89503,2026-06-10,KUL,SIN,2267.74,15.75,Emirates SkyCargo,Contract,2026-06-14,4524.71,837.32,208.51,5570.54
TP-89504,2026-05-15,KUL,BOM,2069.84,13.18,Emirates SkyCargo,Spot,2026-05-17,3694.56,611.69,174.98,4481.23
TP-89505,2026-05-15,KUL,BLR,3604.28,16.69,Own Freighter 2,Owned,2026-05-19,6304.03,956.59,45.37,7305.99
TP-89506,2026-01-31,SIN,CGK,4160.38,23.64,Emirates SkyCargo,Contract,2026-02-04,7183.74,1538.9,127.52,8850.16
TP-89507,2026-04-21,KUL,MAA,204.05,1.39,Partner Air A,Spot,2026-04-22,314.91,62.12,55.37,432.4
TP-89508,2026-02-25,SIN,CGK,2585.27,14.8,MASkargo,Spot,2026-02-26,7442.34,1495.35,85.78,9023.47
TP-89509,2026-06-12,KUL,CGK,2758.59,19.75,Partner Air B,Spot,2026-06-15,7967.96,1393.98,63.6,9425.54
TP-89510,2026-04-21,KUL,MNL,4439.95,31.97,Own Freighter 1,Owned,2026-04-22,9464.94,1702.43,45.25,11212.62
TP-89511,2026-03-07,BOM,SIN,3771.37,22.33,Turkish Cargo,Contract,2026-03-08,7882.71,1156.79,203.34,9242.84
TP-89512,2026-05-11,KUL,SIN,1327.15,7.53,Own Freighter 1,Owned,2026-05-13,3934.09,673.59,93.68,4701.36
TP-89513,2026-01-14,KUL,BOM,4012.32,24.59,Emirates SkyCargo,Spot,2026-01-17,10735.5,1599.05,108.18,12442.73
TP-89514,2026-03-11,KUL,CGK,576.99,3.94,Turkish Cargo,Spot,2026-03-14,1322.75,242.23,74.37,1639.35
TP-89515,2026-06-07,KUL,CGK,1009.37,5.91,Own Freighter 1,Owned,2026-06-11,3015.11,576.17,37.14,3628.42
TP-89516,2026-03-03,KUL,BKK,4345.78,23.71,Partner Air A,Contract,2026-03-05,7878.54,1123.85,112.7,9115.09
TP-89517,2026-02-21,KUL,BKK,1285.73,8.97,Partner Air A,Spot,2026-02-25,3675.67,654.82,117.84,4448.33
TP-89518,2026-02-11,KUL,CGK,4389.62,24.22,MASkargo,Spot,2026-02-14,9498.76,2013.17,155.0,11666.93
TP-89519,2026-03-06,BOM,SIN,835.91,4.98,MASkargo,Spot,2026-03-07,2641.65,561.66,202.9,3406.21
TP-89520,2026-05-05,KUL,DEL,2852.82,17.43,Own Freighter 1,Owned,2026-05-08,9084.86,1315.05,193.99,10593.9
TP-89521,2026-02-28,KUL,CGK,4519.67,21.45,Partner Air A,Contract,2026-03-03,7277.67,1393.14,54.19,8725.0
TP-89522,2026-01-09,KUL,SIN,2270.28,15.46,Own Freighter 2,Owned,2026-01-11,3684.75,586.53,138.51,4409.79
TP-89523,2026-01-30,DEL,BKK,2511.02,14.5,Own Freighter 2,Owned,2026-02-03,4734.53,973.12,110.65,5818.3
TP-89524,2026-02-03,DEL,BKK,4580.95,28.7,Partner Air A,Spot,2026-02-07,7538.07,1266.47,171.29,8975.83
TP-89525,2026-02-17,KUL,BLR,288.69,1.53,Emirates SkyCargo,Contract,2026-02-19,458.24,96.94,65.24,620.42
TP-89526,2026-01-18,KUL,SIN,2979.61,15.36,Partner Air B,Spot,2026-01-22,7389.42,1100.84,35.01,8525.27
TP-89527,2026-04-20,KUL,SIN,923.39,4.76,Own Freighter 2,Owned,2026-04-24,1809.11,317.63,200.67,2327.41
TP-89528,2026-06-10,BKK,MNL,4589.03,34.84,Own Freighter 3,Owned,2026-06-12,9861.81,2110.0,113.16,12084.97
TP-89529,2026-04-15,KUL,MAA,4048.17,18.71,Turkish Cargo,Contract,2026-04-18,8146.42,1406.42,103.23,9656.07
TP-89530,2026-03-01,DEL,BKK,4059.94,22.98,Own Freighter 3,Owned,2026-03-03,9540.98,2050.92,149.65,11741.55
TP-89531,2026-01-14,SIN,CGK,2204.47,11.72,Partner Air A,Spot,2026-01-17,5264.56,980.47,106.11,6351.14
TP-89532,2026-01-13,BKK,MNL,3045.88,21.31,Partner Air B,Spot,2026-01-16,5201.12,1039.25,42.34,6282.71
TP-89533,2026-02-26,KUL,CGK,1870.8,12.58,Own Freighter 2,Owned,2026-02-27,3855.74,726.01,101.72,4683.47
TP-89534,2026-06-29,KUL,MAA,4086.14,25.3,Emirates SkyCargo,Spot,2026-07-02,8901.61,1809.32,107.19,10818.12
TP-89535,2026-04-01,KUL,BOM,3079.47,15.92,Own Freighter 2,Owned,2026-04-04,10030.78,1460.27,194.69,11685.74
TP-89536,2026-02-13,KUL,CGK,3482.11,22.98,Own Freighter 2,Owned,2026-02-15,9264.02,2009.51,44.77,11318.3
TP-89537,2026-06-26,DEL,BKK,253.25,1.67,Own Freighter 1,Owned,2026-06-29,549.52,77.78,217.64,844.94
TP-89538,2026-03-06,KUL,CGK,3928.56,20.88,Turkish Cargo,Contract,2026-03-09,6705.73,1191.51,206.37,8103.61
TP-89539,2026-05-11,KUL,SIN,2473.54,12.92,Partner Air A,Contract,2026-05-13,5006.44,1057.06,60.94,6124.44
TP-89540,2026-05-11,KUL,CGK,4691.8,30.89,Own Freighter 2,Owned,2026-05-13,13429.92,1889.22,118.52,15437.66
TP-89541,2026-05-13,BKK,MNL,3029.18,15.7,Own Freighter 3,Owned,2026-05-16,5370.99,1139.47,127.32,6637.78
TP-89542,2026-03-24,BKK,MNL,1716.17,10.59,Turkish Cargo,Spot,2026-03-27,3616.49,711.94,54.23,4382.66
TP-89543,2026-05-06,DEL,BKK,3786.52,26.11,Turkish Cargo,Spot,2026-05-10,8247.14,1347.05,85.46,9679.65
TP-89544,2026-06-16,DEL,BKK,528.59,3.52,Own Freighter 1,Owned,2026-06-17,1220.92,228.05,198.42,1647.39
TP-89545,2026-01-04,KUL,CGK,726.87,3.73,Own Freighter 3,Owned,2026-01-08,2213.87,382.44,94.74,2691.05
TP-89546,2026-01-01,KUL,BOM,369.66,1.72,Partner Air A,Spot,2026-01-03,1150.57,204.45,181.21,1536.23
TP-89547,2026-01-31,KUL,DEL,3659.34,22.8,Partner Air B,Spot,2026-02-04,12833.15,2351.21,125.93,15310.29
TP-89548,2026-04-15,KUL,MNL,2275.76,16.12,Own Freighter 1,Owned,2026-04-18,4147.22,585.61,156.48,4889.31
TP-89549,2026-05-30,KUL,SIN,2871.2,17.56,Own Freighter 2,Owned,2026-05-31,9154.54,1729.51,36.83,10920.88
TP-89550,2026-05-09,SIN,CGK,3579.99,21.44,Partner Air A,Contract,2026-05-12,9418.64,1447.79,81.65,10948.08
TP-89551,2026-05-06,KUL,MNL,3933.49,23.03,Own Freighter 1,Owned,2026-05-09,8495.39,1587.95,138.17,10221.51
TP-89552,2026-02-06,KUL,MNL,528.32,3.91,Own Freighter 3,Owned,2026-02-10,1682.87,278.38,80.32,2041.57
TP-89553,2026-05-17,KUL,BKK,4195.09,20.85,Own Freighter 2,Owned,2026-05-18,8158.57,1772.82,132.2,10063.59
TP-89554,2026-02-08,KUL,MAA,781.3,5.78,Partner Air A,Contract,2026-02-12,2460.9,353.04,117.83,2931.77
TP-89555,2026-02-18,KUL,BKK,1601.32,8.09,Turkish Cargo,Contract,2026-02-21,3328.13,670.59,69.96,4068.68
TP-89556,2026-06-06,KUL,SIN,2441.26,16.02,Partner Air B,Contract,2026-06-07,4565.23,672.87,95.58,5333.68
TP-89557,2026-01-24,KUL,SIN,865.38,4.27,Partner Air B,Contract,2026-01-28,2165.09,365.2,185.09,2715.38
TP-89558,2026-03-15,KUL,BKK,3072.41,18.33,Partner Air B,Spot,2026-03-18,6496.4,1157.58,180.47,7834.45
TP-89559,2026-02-14,KUL,BOM,4236.41,32.46,Own Freighter 2,Owned,2026-02-18,15365.13,3315.73,65.41,18746.27
TP-89560,2026-01-27,KUL,DEL,3654.45,25.65,Turkish Cargo,Contract,2026-01-28,11638.54,2380.56,148.68,14167.78
TP-89561,2026-06-08,DEL,BKK,1377.5,6.31,MASkargo,Spot,2026-06-12,3485.51,640.2,116.93,4242.64
TP-89562,2026-01-30,KUL,BOM,740.91,3.9,Own Freighter 1,Owned,2026-01-31,2002.08,425.36,205.87,2633.31
TP-89563,2026-01-17,KUL,BKK,2987.95,21.69,Turkish Cargo,Contract,2026-01-18,7184.23,1268.31,202.0,8654.54
TP-89564,2026-05-16,DEL,BKK,733.13,4.95,Turkish Cargo,Spot,2026-05-17,1283.26,259.91,188.46,1731.63
TP-89565,2026-06-02,KUL,DEL,4449.93,21.47,Own Freighter 1,Owned,2026-06-05,16513.53,2614.18,54.02,19181.73
TP-89566,2026-06-09,KUL,MAA,2318.19,12.42,Own Freighter 1,Owned,2026-06-13,4770.47,824.84,158.61,5753.92
TP-89567,2026-04-11,BOM,SIN,2961.76,16.07,MASkargo,Contract,2026-04-12,8155.74,1495.94,83.95,9735.63
TP-89568,2026-05-18,KUL,MAA,2745.01,13.17,Partner Air A,Spot,2026-05-21,8237.64,1647.5,147.22,10032.36
TP-89569,2026-05-26,KUL,CGK,1155.29,6.49,Own Freighter 3,Owned,2026-05-30,2450.41,525.1,205.88,3181.39
TP-89570,2026-03-08,KUL,BOM,3260.82,20.07,Own Freighter 1,Owned,2026-03-09,11928.04,1983.3,40.46,13951.8
TP-89571,2026-01-04,KUL,BLR,3001.13,15.28,Partner Air B,Spot,2026-01-06,5294.13,1093.71,106.8,6494.64
TP-89572,2026-06-01,KUL,MNL,1168.93,6.28,Own Freighter 1,Owned,2026-06-03,2338.82,438.43,154.63,2931.88
TP-89573,2026-06-10,KUL,BKK,2477.79,12.5,Own Freighter 2,Owned,2026-06-11,6844.94,1077.0,101.24,8023.18
TP-89574,2026-01-14,KUL,DEL,1291.08,7.12,Own Freighter 2,Owned,2026-01-18,3993.73,833.1,122.84,4949.67
TP-89575,2026-05-12,KUL,BKK,2743.04,13.25,Partner Air A,Spot,2026-05-15,7753.28,1163.09,124.63,9041.0
TP-89576,2026-03-01,KUL,BLR,1884.63,9.09,Turkish Cargo,Spot,2026-03-04,4775.2,1006.22,155.64,5937.06
TP-89577,2026-05-17,KUL,BLR,2098.17,10.49,MASkargo,Contract,2026-05-19,3174.0,557.87,164.16,3896.03
TP-89578,2026-05-12,KUL,MNL,4659.88,35.28,Own Freighter 1,Owned,2026-05-13,14049.63,2282.56,109.31,16441.5
TP-89579,2026-06-30,KUL,BKK,861.83,5.07,MASkargo,Spot,2026-07-02,1296.94,240.67,154.74,1692.35
TP-89580,2026-03-09,KUL,BOM,2570.26,12.99,Own Freighter 1,Owned,2026-03-11,7420.77,1136.61,78.55,8635.93
TP-89581,2026-04-04,KUL,BOM,2173.41,10.63,MASkargo,Spot,2026-04-07,7837.39,1357.72,208.98,9404.09
TP-89582,2026-01-28,DEL,BKK,276.73,1.4,Partner Air A,Contract,2026-01-30,556.05,85.34,141.2,782.59
TP-89583,2026-05-09,KUL,DEL,4044.79,25.23,Emirates SkyCargo,Contract,2026-05-10,13295.75,2068.34,63.65,15427.74
TP-89584,2026-02-18,BOM,SIN,2802.58,21.27,Own Freighter 2,Owned,2026-02-21,7629.88,1529.35,117.79,9277.02
TP-89585,2026-01-04,KUL,BLR,4132.42,27.47,Partner Air A,Contract,2026-01-08,11168.02,2445.51,216.17,13829.7
TP-89586,2026-05-18,KUL,BLR,3732.17,24.56,Partner Air A,Contract,2026-05-20,9756.86,1399.44,107.64,11263.94
TP-89587,2026-01-05,DEL,BKK,3617.36,20.22,MASkargo,Spot,2026-01-07,6223.88,1294.09,95.43,7613.4
TP-89588,2026-04-15,DEL,BKK,2346.79,12.05,Turkish Cargo,Contract,2026-04-17,5791.18,972.16,154.17,6917.51
TP-89589,2026-01-19,SIN,CGK,3203.82,18.49,Turkish Cargo,Contract,2026-01-21,6683.95,1365.11,124.83,8173.89
TP-89590,2026-03-12,KUL,MAA,1259.75,5.73,Turkish Cargo,Spot,2026-03-16,3033.7,489.23,177.24,3700.17
TP-89591,2026-03-24,KUL,BOM,3365.05,23.94,MASkargo,Spot,2026-03-26,8981.48,1948.35,99.62,11029.45
TP-89592,2026-04-24,KUL,BKK,3475.75,23.05,MASkargo,Spot,2026-04-28,9153.81,1623.53,218.99,10996.33
TP-89593,2026-01-22,KUL,MAA,4715.64,31.79,MASkargo,Contract,2026-01-26,9597.04,2051.27,209.29,11857.6
TP-89594,2026-06-27,BOM,SIN,1651.02,8.21,Own Freighter 3,Owned,2026-07-01,2813.14,454.07,42.55,3309.76
TP-89595,2026-03-22,KUL,MNL,367.9,2.46,Turkish Cargo,Contract,2026-03-24,1158.48,179.47,189.88,1527.83
TP-89596,2026-03-01,KUL,SIN,2177.51,13.76,Emirates SkyCargo,Spot,2026-03-04,6733.62,981.5,68.92,7784.04
TP-89597,2026-02-10,KUL,DEL,2395.6,13.61,MASkargo,Contract,2026-02-11,7281.43,1468.33,218.05,8967.81
TP-89598,2026-01-30,KUL,CGK,4291.9,26.43,Emirates SkyCargo,Spot,2026-02-01,7204.7,1299.0,190.88,8694.58
TP-89599,2026-02-21,SIN,CGK,4547.84,25.99,Own Freighter 1,Owned,2026-02-24,12300.85,1945.29,46.59,14292.73
TP-89600,2026-04-02,KUL,BOM,712.51,5.07,Turkish Cargo,Contract,2026-04-05,2047.2,419.28,199.3,2665.78
TP-89601,2026-04-29,KUL,BOM,4797.74,23.0,Own Freighter 1,Owned,2026-05-03,14945.93,2330.5,176.55,17452.98
TP-89602,2026-01-29,BKK,MNL,3798.2,22.58,Emirates SkyCargo,Spot,2026-02-01,7123.22,1422.78,183.51,8729.51
TP-89603,2026-01-01,KUL,MAA,3960.68,29.24,Emirates SkyCargo,Contract,2026-01-02,9779.38,2091.01,206.15,12076.54
TP-89604,2026-04-29,KUL,CGK,2647.9,19.54,Emirates SkyCargo,Contract,2026-05-03,8306.15,1203.19,150.95,9660.29
TP-89605,2026-06-12,DEL,BKK,4175.34,23.71,Partner Air B,Contract,2026-06-13,13027.32,2500.88,167.71,15695.91
TP-89606,2026-02-28,BOM,SIN,460.13,3.51,Partner Air B,Contract,2026-03-04,916.63,158.09,162.47,1237.19
TP-89607,2026-02-17,KUL,BOM,3331.61,18.93,Turkish Cargo,Contract,2026-02-19,10406.52,2201.97,165.02,12773.51
TP-89608,2026-04-17,BOM,SIN,2813.79,15.31,Partner Air A,Spot,2026-04-20,5558.16,802.78,40.12,6401.06
TP-89609,2026-03-03,KUL,SIN,3712.62,25.99,Own Freighter 3,Owned,2026-03-06,9578.72,1911.42,112.39,11602.53
TP-89610,2026-02-14,KUL,CGK,4320.65,22.0,Turkish Cargo,Contract,2026-02-16,12501.47,1787.59,171.12,14460.18
TP-89611,2026-04-27,KUL,SIN,611.17,3.25,Turkish Cargo,Spot,2026-05-01,1728.91,319.03,89.44,2137.38
TP-89612,2026-04-03,DEL,BKK,3037.28,14.61,Own Freighter 3,Owned,2026-04-07,4815.13,1059.33,197.43,6071.89
TP-89613,2026-04-10,KUL,MAA,1226.15,6.11,Own Freighter 3,Owned,2026-04-11,1978.87,363.67,44.24,2386.78
TP-89614,2026-06-13,KUL,BLR,3538.96,26.68,Own Freighter 3,Owned,2026-06-16,7493.5,1475.2,128.1,9096.8
TP-89615,2026-03-16,BKK,MNL,1684.93,12.76,Own Freighter 2,Owned,2026-03-17,2606.77,392.91,55.14,3054.82
TP-89616,2026-05-19,SIN,CGK,1716.54,8.84,Turkish Cargo,Contract,2026-05-21,4367.53,777.67,139.65,5284.85
TP-89617,2026-05-14,DEL,BKK,2835.57,20.56,Partner Air A,Spot,2026-05-18,5093.13,885.84,199.99,6178.96
TP-89618,2026-01-08,BOM,SIN,4759.63,28.88,Own Freighter 3,Owned,2026-01-09,11829.19,1943.45,188.28,13960.92
TP-89619,2026-05-12,KUL,DEL,1247.45,6.92,Own Freighter 3,Owned,2026-05-16,2724.0,494.83,211.14,3429.97
TP-89620,2026-04-22,KUL,MAA,3955.83,22.96,Emirates SkyCargo,Spot,2026-04-24,11820.53,2339.62,135.94,14296.09
TP-89621,2026-06-15,KUL,CGK,2016.67,13.92,Turkish Cargo,Contract,2026-06-16,5861.32,1078.47,108.28,7048.07
TP-89622,2026-02-27,KUL,BLR,254.71,1.55,MASkargo,Spot,2026-03-03,617.59,105.02,214.19,936.8
TP-89623,2026-05-28,KUL,BKK,533.27,3.94,Own Freighter 1,Owned,2026-06-01,1449.02,293.5,219.97,1962.49
TP-89624,2026-05-14,KUL,MAA,1382.33,9.25,MASkargo,Contract,2026-05-15,3860.66,564.04,195.44,4620.14
TP-89625,2026-04-30,SIN,CGK,3434.24,17.44,Partner Air B,Spot,2026-05-01,8432.25,1242.17,121.94,9796.36
TP-89626,2026-06-21,KUL,MAA,3407.49,16.81,Own Freighter 1,Owned,2026-06-25,9825.59,1928.09,87.92,11841.6
TP-89627,2026-01-01,KUL,CGK,1779.64,13.31,Emirates SkyCargo,Spot,2026-01-05,3773.01,572.59,47.67,4393.27
TP-89628,2026-01-14,KUL,SIN,2797.23,13.23,Partner Air A,Contract,2026-01-15,5651.29,1180.95,182.68,7014.92
TP-89629,2026-03-23,KUL,DEL,2100.67,10.74,Partner Air B,Contract,2026-03-24,3950.99,793.0,111.41,4855.4
TP-89630,2026-06-11,BKK,MNL,3014.91,18.59,Partner Air A,Spot,2026-06-13,9590.57,1781.08,163.84,11535.49
TP-89631,2026-06-20,SIN,CGK,4002.71,18.55,Own Freighter 3,Owned,2026-06-23,9480.84,1915.8,165.0,11561.64
TP-89632,2026-04-17,KUL,BKK,4784.16,25.19,MASkargo,Contract,2026-04-21,7640.34,1374.86,121.71,9136.91
TP-89633,2026-06-02,KUL,MAA,4317.22,31.04,Turkish Cargo,Spot,2026-06-06,7110.08,1198.92,88.38,8397.38
TP-89634,2026-04-02,KUL,CGK,2403.87,14.64,Partner Air B,Spot,2026-04-03,6211.63,1108.7,47.87,7368.2
TP-89635,2026-04-09,SIN,CGK,2165.42,13.51,Partner Air B,Spot,2026-04-12,4896.1,1073.75,110.87,6080.72
TP-89636,2026-05-08,KUL,SIN,2725.88,14.8,Own Freighter 2,Owned,2026-05-09,5217.08,1029.45,205.2,6451.73
TP-89637,2026-02-19,BKK,MNL,3879.23,20.69,Partner Air B,Spot,2026-02-20,9123.08,1343.71,128.04,10594.83
TP-89638,2026-03-06,DEL,BKK,980.79,4.5,Own Freighter 1,Owned,2026-03-07,2944.73,520.92,78.01,3543.66
TP-89639,2026-06-27,DEL,BKK,629.75,3.27,Turkish Cargo,Contract,2026-07-01,1105.11,181.35,187.29,1473.75
TP-89640,2026-02-03,KUL,SIN,4428.9,31.09,Emirates SkyCargo,Contract,2026-02-06,9983.59,1744.5,156.87,11884.96
TP-89641,2026-06-14,KUL,CGK,1994.23,12.59,Turkish Cargo,Contract,2026-06-15,3852.7,767.98,106.46,4727.14
TP-89642,2026-05-13,KUL,MNL,3368.13,20.56,Turkish Cargo,Spot,2026-05-17,5933.04,859.58,84.0,6876.62
TP-89643,2026-04-27,KUL,DEL,4760.45,21.7,Own Freighter 1,Owned,2026-04-30,15983.42,2835.87,170.18,18989.47
TP-89644,2026-02-19,BOM,SIN,2221.12,14.24,Partner Air A,Contract,2026-02-20,3976.02,580.27,71.34,4627.63
TP-89645,2026-05-08,KUL,SIN,1774.48,11.31,Partner Air B,Contract,2026-05-12,3829.5,648.99,136.99,4615.48
TP-89646,2026-03-24,KUL,MAA,3292.5,18.84,Own Freighter 1,Owned,2026-03-27,8192.42,1356.45,116.4,9665.27
TP-89647,2026-02-06,BOM,SIN,898.16,5.59,Partner Air B,Contract,2026-02-08,2222.38,441.54,146.46,2810.38
TP-89648,2026-01-08,KUL,MAA,1875.12,12.37,Own Freighter 3,Owned,2026-01-11,4910.91,1023.14,94.58,6028.63
TP-89649,2026-03-19,BKK,MNL,796.6,4.14,MASkargo,Spot,2026-03-21,1431.35,237.53,93.63,1762.51
TP-89650,2026-01-11,KUL,BLR,744.8,3.99,Own Freighter 3,Owned,2026-01-12,1594.24,238.41,104.14,1936.79
TP-89651,2026-04-22,KUL,SIN,2151.06,15.54,Own Freighter 3,Owned,2026-04-25,5664.56,1126.63,129.89,6921.08
TP-89652,2026-03-06,KUL,SIN,1190.61,9.11,Own Freighter 3,Owned,2026-03-08,3797.78,822.85,171.74,4792.37
TP-89653,2026-06-25,BKK,MNL,593.85,3.97,Own Freighter 2,Owned,2026-06-26,1041.82,155.02,172.26,1369.1
TP-89654,2026-04-21,SIN,CGK,3349.62,15.89,Emirates SkyCargo,Contract,2026-04-25,9940.43,1608.3,128.96,11677.69
TP-89655,2026-06-22,KUL,BOM,735.72,5.13,MASkargo,Contract,2026-06-26,2687.34,495.69,38.81,3221.84
TP-89656,2026-03-28,KUL,CGK,2797.86,21.06,Emirates SkyCargo,Spot,2026-03-29,5081.78,798.19,215.73,6095.7
TP-89657,2026-01-06,KUL,MAA,2766.49,14.9,Own Freighter 2,Owned,2026-01-07,4286.55,677.87,86.04,5050.46
TP-89658,2026-06-19,BKK,MNL,890.58,4.96,Own Freighter 3,Owned,2026-06-20,1603.91,336.32,210.52,2150.75
TP-89659,2026-03-21,KUL,MAA,1003.41,5.7,Partner Air B,Contract,2026-03-22,2473.06,399.43,130.48,3002.97
TP-89660,2026-03-12,KUL,MNL,187.32,1.17,MASkargo,Contract,2026-03-13,588.25,89.01,133.47,810.73
TP-89661,2026-04-22,KUL,BOM,4431.2,25.69,Own Freighter 2,Owned,2026-04-24,14717.05,2939.37,121.64,17778.06
TP-89662,2026-06-10,KUL,MNL,3763.68,23.0,Emirates SkyCargo,Contract,2026-06-11,8104.54,1479.81,72.37,9656.72
TP-89663,2026-04-20,DEL,BKK,708.31,3.85,Turkish Cargo,Contract,2026-04-22,1376.72,209.46,208.19,1794.37
TP-89664,2026-04-02,KUL,BLR,2692.54,17.34,MASkargo,Spot,2026-04-03,6875.58,1492.2,80.28,8448.06
TP-89665,2026-02-24,KUL,MNL,2928.27,15.99,MASkargo,Contract,2026-02-27,6930.75,1519.56,143.28,8593.59
TP-89666,2026-03-22,KUL,CGK,3837.44,19.91,Own Freighter 3,Owned,2026-03-24,6430.39,1152.07,70.91,7653.37
TP-89667,2026-04-04,KUL,BLR,3801.63,19.42,Own Freighter 1,Owned,2026-04-05,9857.08,1911.13,154.74,11922.95
TP-89668,2026-01-08,KUL,MAA,4451.53,31.01,Own Freighter 3,Owned,2026-01-12,8487.13,1249.52,205.85,9942.5
TP-89669,2026-04-03,BKK,MNL,3135.62,15.06,MASkargo,Contract,2026-04-07,7352.15,1180.22,70.38,8602.75
TP-89670,2026-04-26,KUL,BOM,3062.12,21.21,Turkish Cargo,Contract,2026-04-29,11205.18,2038.2,185.69,13429.07
TP-89671,2026-02-04,BKK,MNL,3516.48,16.25,Own Freighter 3,Owned,2026-02-05,7131.62,1016.25,112.05,8259.92
TP-89672,2026-05-14,KUL,DEL,3118.56,22.88,Own Freighter 2,Owned,2026-05-16,11523.96,1846.32,100.61,13470.89
TP-89673,2026-03-29,BKK,MNL,4289.61,30.16,Turkish Cargo,Contract,2026-03-30,11560.56,1908.15,79.56,13548.27
TP-89674,2026-05-18,KUL,BOM,608.73,3.44,MASkargo,Spot,2026-05-20,1921.24,373.37,213.72,2508.33
TP-89675,2026-02-22,KUL,DEL,2253.78,14.55,Own Freighter 3,Owned,2026-02-23,7759.17,1414.88,83.88,9257.93
TP-89676,2026-04-03,KUL,DEL,2438.68,12.55,Turkish Cargo,Contract,2026-04-07,4941.17,853.4,108.34,5902.91
TP-89677,2026-02-05,KUL,DEL,3482.4,21.96,Own Freighter 3,Owned,2026-02-08,9372.31,1779.71,163.39,11315.41
TP-89678,2026-03-31,DEL,BKK,2067.66,10.89,Own Freighter 2,Owned,2026-04-03,5621.03,947.62,174.7,6743.35
TP-89679,2026-02-25,KUL,BOM,4216.49,19.39,Partner Air A,Spot,2026-02-28,15148.04,2297.39,143.37,17588.8
TP-89680,2026-01-07,BOM,SIN,3844.36,26.09,Own Freighter 2,Owned,2026-01-10,6323.68,1381.41,122.13,7827.22
TP-89681,2026-06-07,KUL,CGK,320.38,2.0,Own Freighter 2,Owned,2026-06-11,886.9,185.26,121.01,1193.17
TP-89682,2026-02-18,KUL,DEL,3062.47,22.94,Own Freighter 1,Owned,2026-02-22,8071.15,1282.84,43.2,9397.19
TP-89683,2026-06-10,BKK,MNL,1761.04,8.67,Own Freighter 1,Owned,2026-06-13,3305.16,616.28,131.77,4053.21
TP-89684,2026-04-23,DEL,BKK,592.74,3.26,Partner Air A,Contract,2026-04-26,1494.41,218.62,199.15,1912.18
TP-89685,2026-01-18,KUL,MNL,4516.96,26.3,Partner Air A,Spot,2026-01-22,12431.48,1863.14,200.37,14494.99
TP-89686,2026-02-13,KUL,BKK,485.95,3.4,Turkish Cargo,Contract,2026-02-14,1337.04,243.57,106.46,1687.07
TP-89687,2026-03-03,BKK,MNL,292.93,2.04,Turkish Cargo,Spot,2026-03-04,828.05,130.11,37.21,995.37
TP-89688,2026-01-22,KUL,DEL,2499.87,15.58,Own Freighter 1,Owned,2026-01-26,7997.03,1748.93,174.49,9920.45
TP-89689,2026-02-02,KUL,BLR,3197.47,19.18,Own Freighter 2,Owned,2026-02-03,7058.49,1422.46,74.74,8555.69
TP-89690,2026-02-10,KUL,SIN,633.49,3.1,Partner Air A,Contract,2026-02-12,1068.43,198.64,168.89,1435.96
TP-89691,2026-05-01,KUL,BLR,2310.73,12.92,Turkish Cargo,Spot,2026-05-05,3758.43,788.07,194.06,4740.56
TP-89692,2026-02-28,KUL,BLR,1171.97,8.54,Partner Air A,Spot,2026-03-03,2665.49,503.37,180.96,3349.82
TP-89693,2026-04-12,KUL,SIN,4604.83,29.25,Partner Air A,Contract,2026-04-13,11522.14,1948.96,88.46,13559.56
TP-89694,2026-02-28,KUL,BKK,3868.58,25.44,MASkargo,Contract,2026-03-03,6848.94,998.45,63.03,7910.42
TP-89695,2026-03-29,SIN,CGK,2372.79,11.71,Own Freighter 3,Owned,2026-03-30,4550.48,807.61,123.76,5481.85
TP-89696,2026-05-31,KUL,MNL,353.58,2.17,Emirates SkyCargo,Spot,2026-06-02,1032.14,180.94,65.09,1278.17
TP-89697,2026-03-28,KUL,BOM,3800.97,17.98,Partner Air B,Spot,2026-04-01,7182.56,1460.52,62.97,8706.05
TP-89698,2026-04-18,SIN,CGK,1575.38,7.34,Own Freighter 1,Owned,2026-04-20,4774.33,937.81,100.65,5812.79
TP-89699,2026-05-29,KUL,MNL,606.86,2.91,Partner Air B,Contract,2026-06-01,1509.58,225.93,102.66,1838.17
TP-89700,2026-03-02,DEL,BKK,2959.33,15.44,Emirates SkyCargo,Spot,2026-03-05,5249.08,744.08,51.83,6044.99
TP-89701,2026-03-23,KUL,DEL,3152.44,16.72,Own Freighter 3,Owned,2026-03-26,5970.61,903.98,72.32,6946.91
TP-89702,2026-02-17,SIN,CGK,4577.08,21.96,Partner Air B,Spot,2026-02-18,8139.7,1664.86,128.8,9933.36
TP-89703,2026-02-19,KUL,SIN,4684.0,21.36,MASkargo,Spot,2026-02-21,13772.33,2705.06,138.69,16616.08
TP-89704,2026-06-26,KUL,SIN,3737.41,24.7,Own Freighter 3,Owned,2026-06-30,9521.93,1665.17,177.28,11364.38
TP-89705,2026-01-23,KUL,CGK,1999.29,9.59,Own Freighter 1,Owned,2026-01-25,4339.68,630.4,154.04,5124.12
TP-89706,2026-06-03,KUL,CGK,4020.23,21.74,MASkargo,Contract,2026-06-06,9853.27,1720.9,194.7,11768.87
TP-89707,2026-01-09,KUL,SIN,3992.92,24.74,Turkish Cargo,Spot,2026-01-13,12663.17,1840.63,54.96,14558.76
TP-89708,2026-04-03,KUL,SIN,4184.32,25.17,Partner Air B,Contract,2026-04-04,9722.21,1408.57,133.76,11264.54
TP-89709,2026-03-24,BKK,MNL,3727.54,25.46,Emirates SkyCargo,Spot,2026-03-28,9069.83,1664.28,144.31,10878.42
TP-89710,2026-06-09,KUL,CGK,2948.4,17.02,Own Freighter 1,Owned,2026-06-10,6889.49,1249.74,113.98,8253.21
TP-89711,2026-01-08,BKK,MNL,791.15,4.28,Turkish Cargo,Spot,2026-01-09,1852.67,403.29,200.62,2456.58
TP-89712,2026-06-18,KUL,BOM,4102.09,31.31,Partner Air B,Contract,2026-06-20,10694.38,2052.61,125.56,12872.55
TP-89713,2026-02-12,KUL,MAA,2860.87,16.41,Turkish Cargo,Contract,2026-02-15,7358.13,1049.94,98.07,8506.14
TP-89714,2026-03-12,KUL,BOM,3848.43,18.31,Own Freighter 2,Owned,2026-03-16,13647.01,2028.48,135.72,15811.21
TP-89715,2026-01-30,BKK,MNL,512.8,3.23,MASkargo,Contract,2026-02-02,888.01,138.85,144.89,1171.75
TP-89716,2026-03-19,SIN,CGK,1486.1,6.97,Turkish Cargo,Contract,2026-03-23,4667.23,950.59,199.71,5817.53
TP-89717,2026-06-22,KUL,BKK,4512.91,25.63,Partner Air A,Spot,2026-06-25,6802.2,1102.07,214.89,8119.16
TP-89718,2026-02-10,KUL,BLR,3916.58,26.96,MASkargo,Spot,2026-02-13,11670.0,2394.0,127.54,14191.54
TP-89719,2026-04-21,BOM,SIN,2951.37,16.25,Own Freighter 3,Owned,2026-04-23,8030.89,1453.06,123.79,9607.74
TP-89720,2026-04-26,KUL,CGK,4439.71,31.52,MASkargo,Contract,2026-04-28,10122.31,1941.95,105.85,12170.11
TP-89721,2026-01-16,DEL,BKK,2011.92,11.01,Partner Air B,Spot,2026-01-17,3737.54,767.42,150.57,4655.53
TP-89722,2026-06-07,KUL,BLR,3288.27,17.05,Partner Air A,Contract,2026-06-08,5502.52,1162.02,111.63,6776.17
TP-89723,2026-03-20,KUL,BKK,3676.98,20.69,Emirates SkyCargo,Contract,2026-03-24,9751.35,1713.16,159.37,11623.88
TP-89724,2026-03-06,BOM,SIN,2634.64,13.36,Own Freighter 3,Owned,2026-03-08,8269.35,1430.84,80.83,9781.02
TP-89725,2026-01-26,DEL,BKK,3800.06,20.31,Partner Air A,Spot,2026-01-27,11189.4,2194.91,147.33,13531.64
TP-89726,2026-06-24,BOM,SIN,2772.17,17.76,MASkargo,Spot,2026-06-25,8557.5,1328.67,187.2,10073.37
TP-89727,2026-04-04,KUL,BKK,1232.37,6.48,Own Freighter 3,Owned,2026-04-05,3545.63,533.32,160.99,4239.94
TP-89728,2026-04-08,KUL,MAA,3335.84,23.58,Own Freighter 2,Owned,2026-04-09,8717.38,1432.26,129.05,10278.69
TP-89729,2026-03-31,SIN,CGK,2927.03,19.35,Own Freighter 2,Owned,2026-04-03,7313.34,1298.55,54.92,8666.81
TP-89730,2026-05-28,KUL,CGK,4353.48,26.88,Turkish Cargo,Spot,2026-05-31,9289.7,1821.62,99.54,11210.86
TP-89731,2026-03-31,BOM,SIN,1817.38,13.45,Partner Air A,Contract,2026-04-02,5028.1,714.48,176.51,5919.09
TP-89732,2026-01-05,KUL,DEL,1452.24,9.43,Emirates SkyCargo,Spot,2026-01-07,3717.04,673.84,101.45,4492.33
TP-89733,2026-03-23,BKK,MNL,1547.17,7.87,Own Freighter 3,Owned,2026-03-25,3614.17,648.52,143.14,4405.83
TP-89734,2026-05-12,BKK,MNL,2309.71,14.05,MASkargo,Contract,2026-05-14,5249.55,1053.6,57.74,6360.89
TP-89735,2026-01-22,SIN,CGK,3467.05,24.5,Own Freighter 3,Owned,2026-01-24,8683.42,1227.25,160.93,10071.6
TP-89736,2026-04-22,KUL,DEL,2027.64,12.27,Partner Air B,Contract,2026-04-24,4281.25,749.17,202.57,5232.99
TP-89737,2026-02-27,KUL,SIN,1057.48,5.77,Own Freighter 3,Owned,2026-02-28,2579.69,376.86,194.76,3151.31
TP-89738,2026-02-19,KUL,MAA,849.21,5.24,Turkish Cargo,Spot,2026-02-20,2155.28,321.92,86.65,2563.85
TP-89739,2026-02-28,BOM,SIN,2774.74,15.38,Turkish Cargo,Contract,2026-03-03,4368.21,704.37,128.78,5201.36
TP-89740,2026-05-01,KUL,MNL,3249.49,17.41,MASkargo,Spot,2026-05-03,9264.5,1394.93,61.11,10720.54
TP-89741,2026-04-08,DEL,BKK,814.13,4.72,Partner Air A,Spot,2026-04-11,2461.76,437.78,110.49,3010.03
TP-89742,2026-05-08,KUL,SIN,4447.75,31.05,Own Freighter 2,Owned,2026-05-09,7088.79,1553.28,59.73,8701.8
TP-89743,2026-06-06,BOM,SIN,868.7,4.86,Own Freighter 3,Owned,2026-06-10,1906.63,351.3,114.88,2372.81
TP-89744,2026-03-09,KUL,SIN,2710.72,12.52,Own Freighter 2,Owned,2026-03-11,5939.06,983.37,192.6,7115.03
TP-89745,2026-01-30,SIN,CGK,4741.48,24.71,Partner Air A,Spot,2026-02-01,14042.14,2619.93,172.33,16834.4
TP-89746,2026-05-29,KUL,DEL,3791.12,19.28,Own Freighter 2,Owned,2026-06-02,8716.68,1742.09,98.67,10557.44
TP-89747,2026-03-18,KUL,BLR,595.81,4.11,Turkish Cargo,Contract,2026-03-19,940.04,151.92,101.23,1193.19
TP-89748,2026-03-07,BKK,MNL,3194.33,17.05,Turkish Cargo,Spot,2026-03-09,6809.81,1414.64,65.87,8290.32
TP-89749,2026-01-20,DEL,BKK,2174.98,11.88,Emirates SkyCargo,Contract,2026-01-21,4143.5,776.04,68.31,4987.85
TP-89750,2026-06-30,KUL,SIN,859.03,5.52,Partner Air B,Contract,2026-07-04,1658.15,353.78,181.21,2193.14
TP-89751,2026-05-31,KUL,BLR,686.98,4.95,Emirates SkyCargo,Contract,2026-06-03,1929.47,398.12,210.84,2538.43
TP-89752,2026-06-16,KUL,MNL,1964.23,9.93,Turkish Cargo,Spot,2026-06-20,4712.03,971.46,172.46,5855.95
TP-89753,2026-01-23,SIN,CGK,524.22,2.43,Own Freighter 2,Owned,2026-01-25,812.17,147.23,131.02,1090.42
TP-89754,2026-03-31,KUL,BOM,3149.87,15.33,MASkargo,Spot,2026-04-01,11239.28,2199.1,110.69,13549.07
TP-89755,2026-02-19,KUL,BOM,1018.01,5.21,Own Freighter 1,Owned,2026-02-22,3717.58,619.51,94.97,4432.06
TP-89756,2026-05-04,KUL,CGK,3803.3,18.5,Emirates SkyCargo,Spot,2026-05-05,11742.41,1898.9,89.54,13730.85
TP-89757,2026-06-01,KUL,BOM,4527.83,23.88,Own Freighter 1,Owned,2026-06-05,13187.46,2848.58,93.83,16129.87
TP-89758,2026-02-25,SIN,CGK,2023.4,11.7,Partner Air B,Spot,2026-02-27,3750.69,797.36,68.32,4616.37
TP-89759,2026-06-22,KUL,BOM,4355.22,32.38,Partner Air A,Spot,2026-06-26,8360.67,1342.0,80.71,9783.38
TP-89760,2026-02-16,KUL,DEL,1639.88,8.49,Partner Air B,Spot,2026-02-19,3718.59,541.52,161.46,4421.57
TP-89761,2026-06-07,KUL,DEL,2867.34,15.31,Own Freighter 2,Owned,2026-06-09,6865.27,1463.79,95.3,8424.36
TP-89762,2026-01-18,KUL,MAA,3274.19,17.26,Own Freighter 3,Owned,2026-01-22,9707.64,1778.31,106.55,11592.5
TP-89763,2026-01-18,KUL,BLR,2571.15,14.42,Partner Air A,Spot,2026-01-21,4258.89,776.76,135.51,5171.16
TP-89764,2026-02-15,KUL,DEL,4304.77,20.2,Turkish Cargo,Contract,2026-02-16,11506.81,2330.43,67.61,13904.85
TP-89765,2026-01-22,KUL,BOM,2548.2,15.27,Own Freighter 3,Owned,2026-01-23,8333.16,1499.19,65.9,9898.25
TP-89766,2026-04-07,KUL,BLR,1915.28,10.04,Partner Air B,Contract,2026-04-08,5909.25,969.18,46.33,6924.76
TP-89767,2026-01-15,KUL,BLR,747.42,4.05,Own Freighter 3,Owned,2026-01-16,2251.91,351.72,219.47,2823.1
TP-89768,2026-05-28,KUL,BKK,3376.55,17.35,Partner Air A,Contract,2026-06-01,9116.66,1318.74,214.72,10650.12
TP-89769,2026-05-21,KUL,MAA,4482.15,25.24,Partner Air A,Spot,2026-05-24,7862.25,1279.64,106.4,9248.29
TP-89770,2026-04-17,KUL,MNL,2926.35,13.74,Partner Air B,Contract,2026-04-19,8239.51,1402.23,49.79,9691.53
TP-89771,2026-06-15,KUL,SIN,435.36,2.42,Own Freighter 2,Owned,2026-06-16,968.51,200.43,213.46,1382.4
TP-89772,2026-05-04,KUL,MNL,3976.55,19.01,Own Freighter 3,Owned,2026-05-08,10313.63,1932.04,46.93,12292.6
TP-89773,2026-03-27,BOM,SIN,3177.05,16.51,Partner Air B,Spot,2026-03-31,5186.06,947.21,121.36,6254.63
TP-89774,2026-02-05,KUL,DEL,1537.49,8.76,Emirates SkyCargo,Contract,2026-02-06,3467.06,556.68,196.98,4220.72
TP-89775,2026-02-15,KUL,MNL,2147.89,10.87,Own Freighter 3,Owned,2026-02-18,6014.54,1033.07,66.8,7114.41
TP-89776,2026-05-05,KUL,SIN,1209.8,8.78,Partner Air B,Contract,2026-05-09,2504.44,498.06,46.17,3048.67
TP-89777,2026-04-20,KUL,DEL,2453.07,11.91,Own Freighter 2,Owned,2026-04-22,7076.75,1551.01,124.75,8752.51
TP-89778,2026-04-19,BKK,MNL,2042.92,11.7,Own Freighter 1,Owned,2026-04-23,4856.27,681.61,71.2,5609.08
TP-89779,2026-05-10,BKK,MNL,2013.63,11.66,Partner Air A,Contract,2026-05-13,4682.1,995.78,62.61,5740.49
TP-89780,2026-02-01,KUL,DEL,2951.23,14.58,Partner Air A,Contract,2026-02-04,10110.45,1948.84,196.28,12255.57
TP-89781,2026-06-12,KUL,BOM,4258.22,22.13,Own Freighter 3,Owned,2026-06-13,8418.04,1798.15,210.51,10426.7
TP-89782,2026-01-10,KUL,BKK,2564.48,12.05,Partner Air B,Contract,2026-01-14,5672.06,1245.26,121.14,7038.46
TP-89783,2026-02-12,DEL,BKK,3110.78,16.66,Partner Air B,Contract,2026-02-15,7976.26,1286.8,141.59,9404.65
TP-89784,2026-05-13,KUL,MAA,1827.13,11.72,Partner Air A,Spot,2026-05-17,4399.77,629.28,51.54,5080.59
TP-89785,2026-03-28,BKK,MNL,3959.36,26.04,Partner Air B,Contract,2026-03-31,6186.89,1045.57,198.23,7430.69
TP-89786,2026-04-23,KUL,CGK,1733.38,7.89,Own Freighter 2,Owned,2026-04-26,5179.68,766.81,36.72,5983.21
TP-89787,2026-06-08,KUL,DEL,193.65,0.95,Emirates SkyCargo,Contract,2026-06-09,490.35,107.59,75.04,672.98
TP-89788,2026-04-27,BKK,MNL,1481.52,7.53,Own Freighter 2,Owned,2026-05-01,2831.57,474.45,203.74,3509.76
TP-89789,2026-01-10,KUL,BKK,2204.84,10.18,Partner Air B,Spot,2026-01-11,4697.22,755.82,96.71,5549.75
TP-89790,2026-02-12,KUL,MNL,355.68,1.75,Partner Air A,Contract,2026-02-13,971.44,201.3,216.18,1388.92
TP-89791,2026-01-11,SIN,CGK,537.4,2.96,Partner Air B,Contract,2026-01-12,1056.54,204.26,120.5,1381.3
TP-89792,2026-01-01,KUL,BKK,1968.4,12.85,Turkish Cargo,Spot,2026-01-04,5689.46,1041.84,200.52,6931.82
TP-89793,2026-02-09,KUL,MAA,2901.64,14.51,Own Freighter 2,Owned,2026-02-10,4831.95,1024.65,175.52,6032.12
TP-89794,2026-03-05,KUL,BKK,454.32,3.36,Partner Air A,Contract,2026-03-08,917.89,159.23,124.39,1201.51
TP-89795,2026-06-17,KUL,MAA,3579.67,16.7,Own Freighter 2,Owned,2026-06-21,11109.38,2012.23,164.92,13286.53
TP-89796,2026-06-09,KUL,BLR,2070.66,9.72,Emirates SkyCargo,Contract,2026-06-11,3639.0,548.31,118.01,4305.32
TP-89797,2026-04-03,KUL,BKK,3836.57,18.68,Own Freighter 3,Owned,2026-04-04,12043.9,2226.52,212.49,14482.91
TP-89798,2026-03-08,BOM,SIN,4108.28,21.58,Own Freighter 1,Owned,2026-03-12,8542.58,1641.03,109.51,10293.12
TP-89799,2026-05-20,KUL,BOM,3813.48,23.12,Own Freighter 2,Owned,2026-05-22,13311.86,2831.11,120.42,16263.39
TP-89800,2026-02-06,KUL,CGK,3569.03,17.39,Turkish Cargo,Spot,2026-02-08,7549.78,1273.47,203.04,9026.29
TP-89801,2026-01-19,KUL,DEL,773.18,5.2,Partner Air A,Contract,2026-01-20,1730.31,278.89,207.68,2216.88
TP-89802,2026-03-10,KUL,CGK,536.0,2.88,Partner Air A,Spot,2026-03-14,1265.58,198.44,205.39,1669.41
TP-89803,2026-06-22,KUL,CGK,845.68,4.51,MASkargo,Spot,2026-06-26,2202.02,401.28,77.4,2680.7
TP-89804,2026-06-16,KUL,CGK,2775.1,15.4,Turkish Cargo,Spot,2026-06-20,7866.51,1436.3,187.12,9489.93
TP-89805,2026-05-23,KUL,SIN,4619.21,33.04,Turkish Cargo,Spot,2026-05-26,9999.58,1981.53,44.59,12025.7
TP-89806,2026-02-21,KUL,BLR,2205.36,10.53,MASkargo,Spot,2026-02-23,6723.53,1382.54,126.75,8232.82
TP-89807,2026-02-25,KUL,SIN,399.74,2.96,Own Freighter 2,Owned,2026-02-28,839.56,161.56,180.33,1181.45
TP-89808,2026-02-23,KUL,MAA,3896.31,20.66,MASkargo,Contract,2026-02-26,7332.95,1181.92,147.23,8662.1
TP-89809,2026-04-10,KUL,MAA,4428.67,21.29,Partner Air B,Contract,2026-04-11,9906.95,2095.23,153.65,12155.83
TP-89810,2026-06-05,KUL,CGK,4045.34,24.76,Turkish Cargo,Spot,2026-06-08,9979.27,2095.25,124.76,12199.28
TP-89811,2026-01-16,KUL,MAA,1697.86,9.53,Emirates SkyCargo,Spot,2026-01-18,4493.61,749.1,100.57,5343.28
TP-89812,2026-02-21,KUL,SIN,2642.55,13.96,Own Freighter 2,Owned,2026-02-25,5620.42,1134.5,162.5,6917.42
TP-89813,2026-05-10,SIN,CGK,2019.75,9.56,Own Freighter 1,Owned,2026-05-12,5150.27,977.96,126.23,6254.46
TP-89814,2026-03-04,KUL,BOM,1512.51,8.42,Partner Air A,Spot,2026-03-06,4367.08,630.63,86.85,5084.56
TP-89815,2026-05-09,SIN,CGK,3810.07,28.44,Partner Air A,Spot,2026-05-10,5754.27,992.56,200.52,6947.35
TP-89816,2026-03-30,KUL,CGK,4439.14,28.94,Own Freighter 1,Owned,2026-04-02,10888.59,2365.18,154.04,13407.81
TP-89817,2026-01-29,SIN,CGK,4140.54,24.36,Own Freighter 2,Owned,2026-02-02,9610.26,1759.45,128.43,11498.14
TP-89818,2026-02-23,KUL,DEL,4612.61,28.9,Own Freighter 3,Owned,2026-02-26,14682.13,2234.79,180.17,17097.09
TP-89819,2026-01-09,KUL,BKK,4067.98,30.77,Partner Air B,Contract,2026-01-10,6294.39,941.7,119.32,7355.41
TP-89820,2026-05-24,SIN,CGK,2570.45,13.12,Own Freighter 3,Owned,2026-05-26,5831.48,941.75,127.55,6900.78
TP-89821,2026-06-26,DEL,BKK,3488.43,25.04,Own Freighter 1,Owned,2026-06-29,10887.76,2372.6,116.65,13377.01
TP-89822,2026-02-10,KUL,DEL,1674.0,10.64,Own Freighter 3,Owned,2026-02-11,5313.47,805.5,145.71,6264.68
TP-89823,2026-06-22,KUL,BKK,2150.57,10.86,Own Freighter 2,Owned,2026-06-23,5749.42,1250.39,174.66,7174.47
TP-89824,2026-01-02,DEL,BKK,3768.77,26.2,Turkish Cargo,Contract,2026-01-04,6047.86,901.71,134.26,7083.83
TP-89825,2026-03-11,KUL,BLR,3247.9,16.97,Own Freighter 3,Owned,2026-03-13,8733.71,1284.2,137.4,10155.31
TP-89826,2026-06-24,DEL,BKK,2847.15,14.37,MASkargo,Contract,2026-06-25,8116.42,1148.65,60.3,9325.37
TP-89827,2026-04-27,KUL,CGK,3102.19,17.12,Emirates SkyCargo,Contract,2026-05-01,5214.84,1130.78,195.15,6540.77
TP-89828,2026-02-20,KUL,BKK,165.55,1.07,Own Freighter 2,Owned,2026-02-23,474.95,104.06,93.1,672.11
TP-89829,2026-01-13,SIN,CGK,2626.7,16.49,Own Freighter 1,Owned,2026-01-17,7077.96,1313.32,211.33,8602.61
TP-89830,2026-06-03,KUL,MAA,352.35,2.04,Emirates SkyCargo,Contract,2026-06-04,914.67,155.69,98.94,1169.3
TP-89831,2026-01-12,KUL,BKK,251.95,1.36,Partner Air B,Spot,2026-01-14,546.41,90.65,198.72,835.78
TP-89832,2026-04-25,KUL,BKK,4510.6,23.09,Own Freighter 1,Owned,2026-04-29,14328.42,2247.14,138.5,16714.06
TP-89833,2026-04-02,BKK,MNL,2382.53,13.29,Own Freighter 1,Owned,2026-04-04,4244.03,732.78,67.75,5044.56
TP-89834,2026-05-24,KUL,MAA,4311.34,30.05,Partner Air A,Contract,2026-05-26,11508.66,1711.75,202.79,13423.2
TP-89835,2026-05-17,BOM,SIN,3347.63,20.78,Partner Air A,Contract,2026-05-21,6503.14,1006.49,173.91,7683.54
TP-89836,2026-05-24,KUL,CGK,2974.39,14.14,Turkish Cargo,Contract,2026-05-26,8287.76,1577.3,190.86,10055.92
TP-89837,2026-06-12,BOM,SIN,1051.39,7.7,Own Freighter 1,Owned,2026-06-13,2045.29,376.28,35.52,2457.09
TP-89838,2026-01-12,BOM,SIN,2224.69,16.2,Own Freighter 3,Owned,2026-01-16,5707.24,1070.37,183.4,6961.01
TP-89839,2026-05-09,KUL,CGK,2539.7,18.29,Emirates SkyCargo,Contract,2026-05-12,4816.75,780.73,159.4,5756.88
TP-89840,2026-05-07,BKK,MNL,802.32,4.93,Own Freighter 1,Owned,2026-05-08,1506.76,329.99,83.19,1919.94
TP-89841,2026-04-01,KUL,DEL,2060.62,12.42,Partner Air B,Spot,2026-04-03,6576.3,1258.1,161.6,7996.0
TP-89842,2026-02-18,KUL,BKK,1002.47,4.64,Partner Air A,Spot,2026-02-20,2294.45,422.89,165.3,2882.64
TP-89843,2026-04-07,KUL,BLR,1929.4,10.34,Own Freighter 2,Owned,2026-04-11,4185.49,602.73,143.16,4931.38
TP-89844,2026-05-27,KUL,BKK,2393.66,16.7,MASkargo,Spot,2026-05-28,4536.02,966.04,199.11,5701.17
TP-89845,2026-03-12,BKK,MNL,4165.2,20.9,MASkargo,Contract,2026-03-16,10312.39,1720.46,214.35,12247.2
TP-89846,2026-01-22,SIN,CGK,2976.43,17.7,Partner Air B,Contract,2026-01-23,5801.18,1253.7,128.97,7183.85
TP-89847,2026-02-07,KUL,CGK,3520.64,16.64,Emirates SkyCargo,Contract,2026-02-11,8158.49,1568.12,92.77,9819.38
TP-89848,2026-02-19,KUL,BLR,4585.32,26.78,Emirates SkyCargo,Spot,2026-02-22,11110.58,2416.3,165.02,13691.9
TP-89849,2026-01-23,KUL,SIN,4079.1,19.58,Own Freighter 3,Owned,2026-01-25,12013.96,2388.42,212.61,14614.99
TP-89850,2026-04-15,KUL,DEL,1943.77,11.92,Own Freighter 3,Owned,2026-04-17,5102.87,717.27,66.3,5886.44
TP-89851,2026-05-29,KUL,BOM,1856.21,11.23,Own Freighter 2,Owned,2026-05-30,3524.39,769.79,205.31,4499.49
TP-89852,2026-05-10,KUL,MAA,3517.95,16.82,Partner Air A,Spot,2026-05-13,9589.1,1926.94,106.89,11622.93
TP-89853,2026-03-14,BKK,MNL,1095.15,6.8,Partner Air B,Spot,2026-03-18,2765.33,437.17,192.81,3395.31
TP-89854,2026-03-17,KUL,SIN,738.23,5.27,Turkish Cargo,Spot,2026-03-20,1385.69,241.59,82.74,1710.02
TP-89855,2026-04-24,BKK,MNL,3471.46,25.85,Emirates SkyCargo,Contract,2026-04-26,9324.16,1512.0,138.89,10975.05
TP-89856,2026-06-19,KUL,MAA,1105.47,7.17,Partner Air A,Contract,2026-06-22,2828.75,396.29,92.63,3317.67
TP-89857,2026-04-02,KUL,BLR,2804.88,18.92,Own Freighter 2,Owned,2026-04-03,6457.55,993.49,187.22,7638.26
TP-89858,2026-01-30,KUL,MNL,2843.64,14.6,Own Freighter 1,Owned,2026-02-02,6370.09,949.75,147.47,7467.31
TP-89859,2026-02-01,KUL,MAA,4046.02,18.9,Partner Air B,Contract,2026-02-05,11172.52,2123.62,127.7,13423.84
TP-89860,2026-01-17,SIN,CGK,2584.08,18.78,MASkargo,Spot,2026-01-19,4782.61,1011.26,186.68,5980.55
TP-89861,2026-05-24,KUL,DEL,1392.06,7.65,Own Freighter 2,Owned,2026-05-27,2991.45,627.15,207.11,3825.71
TP-89862,2026-05-26,KUL,BOM,1845.59,10.4,Own Freighter 1,Owned,2026-05-28,6231.31,1310.56,35.6,7577.47
TP-89863,2026-05-31,BOM,SIN,702.66,3.45,Turkish Cargo,Contract,2026-06-01,1554.93,230.73,79.55,1865.21
TP-89864,2026-02-05,BOM,SIN,2077.4,15.38,Emirates SkyCargo,Contract,2026-02-07,5464.19,1030.12,213.83,6708.14
TP-89865,2026-02-23,KUL,MNL,2522.78,14.91,Own Freighter 1,Owned,2026-02-26,3815.49,807.87,198.74,4822.1
TP-89866,2026-05-12,BOM,SIN,1535.4,8.33,Partner Air B,Contract,2026-05-13,3707.49,629.17,210.86,4547.52
TP-89867,2026-05-16,KUL,CGK,316.26,1.48,Partner Air B,Spot,2026-05-18,870.89,173.91,161.35,1206.15
TP-89868,2026-03-09,BOM,SIN,3802.89,24.61,Turkish Cargo,Spot,2026-03-10,10857.72,1873.77,182.34,12913.83
TP-89869,2026-06-24,DEL,BKK,3305.38,18.91,Own Freighter 3,Owned,2026-06-27,8481.69,1734.82,218.17,10434.68
TP-89870,2026-01-31,KUL,MAA,2648.0,17.86,Own Freighter 2,Owned,2026-02-03,7419.39,1069.77,69.4,8558.56
TP-89871,2026-05-06,BOM,SIN,1583.04,10.7,Own Freighter 3,Owned,2026-05-07,3097.58,517.92,57.34,3672.84
TP-89872,2026-01-13,KUL,BLR,2792.05,13.53,Partner Air A,Spot,2026-01-17,5460.68,1168.82,191.91,6821.41
TP-89873,2026-06-08,BOM,SIN,4016.28,24.11,Partner Air B,Spot,2026-06-12,8689.6,1910.48,41.05,10641.13
TP-89874,2026-03-01,SIN,CGK,1933.93,14.51,Emirates SkyCargo,Spot,2026-03-04,5645.26,1118.09,113.68,6877.03
TP-89875,2026-02-23,KUL,CGK,2411.55,12.15,MASkargo,Contract,2026-02-27,5682.56,1034.85,140.13,6857.54
TP-89876,2026-02-28,KUL,BKK,4114.31,21.07,Turkish Cargo,Contract,2026-03-04,10842.07,1945.0,172.6,12959.67
TP-89877,2026-03-05,DEL,BKK,946.2,5.4,Own Freighter 2,Owned,2026-03-08,2898.65,545.96,115.02,3559.63
TP-89878,2026-03-07,SIN,CGK,1987.25,10.56,MASkargo,Spot,2026-03-10,3250.01,606.55,94.34,3950.9
TP-89879,2026-01-31,KUL,BKK,4287.99,20.94,Emirates SkyCargo,Spot,2026-02-02,11807.82,1821.53,206.0,13835.35
TP-89880,2026-01-27,KUL,MNL,841.68,4.26,Own Freighter 1,Owned,2026-01-30,1979.57,383.99,146.51,2510.07
TP-89881,2026-03-27,KUL,CGK,4784.81,23.1,Own Freighter 3,Owned,2026-03-28,7736.24,1359.11,66.77,9162.12
TP-89882,2026-03-26,KUL,BKK,301.22,1.42,Partner Air B,Contract,2026-03-29,711.79,142.69,132.3,986.78
TP-89883,2026-05-13,KUL,MNL,4611.67,29.69,Own Freighter 1,Owned,2026-05-15,8242.16,1355.52,207.06,9804.74
TP-89884,2026-04-07,BOM,SIN,562.35,2.87,Partner Air A,Spot,2026-04-08,1620.79,247.64,86.67,1955.1
TP-89885,2026-02-20,KUL,MAA,627.14,2.97,Own Freighter 3,Owned,2026-02-24,1789.47,346.22,96.49,2232.18
TP-89886,2026-05-13,DEL,BKK,1713.72,10.96,Partner Air A,Contract,2026-05-14,5315.57,957.72,37.83,6311.12
TP-89887,2026-01-19,KUL,BOM,699.26,3.57,Own Freighter 3,Owned,2026-01-22,2291.86,368.87,177.09,2837.82
TP-89888,2026-06-23,KUL,DEL,683.35,3.82,Emirates SkyCargo,Contract,2026-06-27,2329.28,483.52,123.25,2936.05
TP-89889,2026-02-20,KUL,DEL,2680.28,18.95,Own Freighter 1,Owned,2026-02-22,10063.89,1576.52,102.13,11742.54
TP-89890,2026-04-11,KUL,MNL,451.7,2.21,Partner Air B,Spot,2026-04-15,735.59,110.51,97.84,943.94
TP-89891,2026-05-05,BKK,MNL,3022.1,17.29,Turkish Cargo,Spot,2026-05-08,6225.56,1355.7,94.95,7676.21
TP-89892,2026-06-12,KUL,CGK,809.11,4.03,MASkargo,Spot,2026-06-16,1572.73,280.44,82.83,1936.0
TP-89893,2026-04-05,BOM,SIN,4633.58,26.85,Partner Air B,Spot,2026-04-09,11877.19,2596.61,85.9,14559.7
TP-89894,2026-06-25,KUL,SIN,2505.81,17.01,Turkish Cargo,Contract,2026-06-26,5450.94,1131.95,46.95,6629.84
TP-89895,2026-04-07,KUL,CGK,1811.72,11.73,Own Freighter 3,Owned,2026-04-08,5456.15,915.39,170.75,6542.29
TP-89896,2026-03-18,KUL,BKK,1519.52,6.95,MASkargo,Spot,2026-03-21,3375.74,506.39,85.45,3967.58
TP-89897,2026-03-21,DEL,BKK,4033.9,21.44,Partner Air B,Spot,2026-03-24,10086.07,2087.28,113.15,12286.5
TP-89898,2026-02-27,KUL,DEL,707.68,3.42,Turkish Cargo,Contract,2026-02-28,1716.26,267.98,126.43,2110.67
TP-89899,2026-02-28,SIN,CGK,188.11,0.88,Turkish Cargo,Contract,2026-03-01,576.91,117.89,160.8,855.6
TP-89900,2026-05-01,SIN,CGK,316.7,1.6,Own Freighter 2,Owned,2026-05-03,715.71,107.64,208.86,1032.21
TP-89901,2026-02-12,KUL,MNL,3234.97,15.65,Own Freighter 2,Owned,2026-02-14,5561.19,1098.49,115.93,6775.61
TP-89902,2026-01-23,KUL,MAA,809.41,4.13,Turkish Cargo,Contract,2026-01-24,1228.78,233.87,189.68,1652.33
TP-89903,2026-02-20,KUL,MAA,1784.77,10.6,Emirates SkyCargo,Contract,2026-02-21,4496.87,984.45,61.37,5542.69
TP-89904,2026-06-20,KUL,BKK,944.1,4.79,MASkargo,Contract,2026-06-21,2503.72,494.4,115.4,3113.52
TP-89905,2026-04-22,KUL,MNL,3725.07,17.11,Own Freighter 2,Owned,2026-04-23,5793.45,834.49,53.58,6681.52
TP-89906,2026-01-01,SIN,CGK,3378.57,15.61,Own Freighter 1,Owned,2026-01-04,7169.02,1092.1,84.61,8345.73
TP-89907,2026-03-13,BOM,SIN,3265.86,24.14,Emirates SkyCargo,Contract,2026-03-15,9578.43,1580.58,64.95,11223.96
TP-89908,2026-03-26,BOM,SIN,4593.22,33.8,Turkish Cargo,Contract,2026-03-29,9914.39,2035.81,106.86,12057.06
TP-89909,2026-03-15,KUL,BOM,4476.46,23.48,Emirates SkyCargo,Spot,2026-03-19,15796.51,3049.05,178.4,19023.96
TP-89910,2026-01-07,BOM,SIN,1373.44,9.11,Partner Air B,Spot,2026-01-11,2387.1,488.28,61.1,2936.48
TP-89911,2026-02-28,KUL,CGK,2998.61,15.84,MASkargo,Spot,2026-03-01,5269.22,1091.7,201.96,6562.88
TP-89912,2026-03-13,DEL,BKK,4513.16,29.96,Partner Air B,Spot,2026-03-17,10680.38,2073.7,37.64,12791.72
TP-89913,2026-03-21,DEL,BKK,2603.13,13.41,MASkargo,Spot,2026-03-25,4281.14,699.98,128.26,5109.38
TP-89914,2026-04-17,BKK,MNL,2373.58,13.52,Own Freighter 2,Owned,2026-04-21,3581.28,508.87,160.68,4250.83
TP-89915,2026-04-03,KUL,DEL,486.19,3.5,Partner Air B,Spot,2026-04-05,1834.11,349.22,91.15,2274.48
TP-89916,2026-02-25,BOM,SIN,2345.45,17.06,Own Freighter 2,Owned,2026-02-28,7065.78,1126.59,54.16,8246.53
TP-89917,2026-04-28,KUL,BOM,2018.14,10.62,MASkargo,Contract,2026-04-29,4671.19,659.56,66.06,5396.81
TP-89918,2026-02-22,DEL,BKK,1470.03,8.05,MASkargo,Contract,2026-02-26,2837.94,434.78,48.42,3321.14
TP-89919,2026-02-24,SIN,CGK,4693.74,23.73,Partner Air B,Spot,2026-02-27,11891.46,2539.64,44.53,14475.63
TP-89920,2026-02-17,KUL,MNL,3772.4,19.44,Partner Air B,Contract,2026-02-21,10412.41,1858.25,198.79,12469.45
TP-89921,2026-01-09,KUL,BOM,3447.89,17.28,Emirates SkyCargo,Contract,2026-01-12,12999.76,2345.21,163.95,15508.92
TP-89922,2026-06-27,KUL,BLR,491.6,3.18,Emirates SkyCargo,Spot,2026-06-28,1358.58,226.04,203.4,1788.02
TP-89923,2026-04-13,KUL,BKK,2116.67,11.04,Own Freighter 2,Owned,2026-04-17,4088.26,655.85,203.22,4947.33
TP-89924,2026-01-22,DEL,BKK,1643.23,8.66,Own Freighter 1,Owned,2026-01-26,4883.92,784.91,69.43,5738.26
TP-89925,2026-05-04,KUL,SIN,2315.97,15.57,Turkish Cargo,Spot,2026-05-07,3833.5,632.51,191.36,4657.37
TP-89926,2026-04-29,KUL,SIN,1133.42,8.52,Own Freighter 1,Owned,2026-04-30,3156.53,589.17,87.67,3833.37
TP-89927,2026-01-17,KUL,SIN,3322.36,18.11,Own Freighter 3,Owned,2026-01-19,9655.37,1747.79,50.37,11453.53
TP-89928,2026-03-04,KUL,DEL,2181.66,16.37,Own Freighter 3,Owned,2026-03-08,5573.0,1140.04,85.74,6798.78
TP-89929,2026-01-19,KUL,CGK,3277.92,15.55,Partner Air B,Contract,2026-01-20,10212.76,1811.45,129.33,12153.54
TP-89930,2026-01-08,KUL,BKK,3658.27,20.36,Own Freighter 2,Owned,2026-01-09,7543.72,1425.19,136.53,9105.44
TP-89931,2026-06-30,KUL,CGK,2001.68,10.66,Own Freighter 1,Owned,2026-07-04,4709.34,731.97,190.08,5631.39
TP-89932,2026-06-07,KUL,BKK,793.61,3.71,Partner Air A,Contract,2026-06-11,1999.48,422.99,136.81,2559.28
TP-89933,2026-03-02,KUL,MAA,1903.61,14.62,Emirates SkyCargo,Spot,2026-03-04,5210.12,878.12,82.41,6170.65
TP-89934,2026-01-27,DEL,BKK,3630.92,21.62,Partner Air A,Spot,2026-01-31,10238.26,1845.95,125.25,12209.46
TP-89935,2026-03-27,BKK,MNL,542.72,2.55,Emirates SkyCargo,Spot,2026-03-31,1308.71,279.83,215.74,1804.28
TP-89936,2026-04-26,KUL,SIN,2517.99,13.28,Own Freighter 2,Owned,2026-04-27,4784.02,1046.16,112.99,5943.17
TP-89937,2026-05-27,KUL,DEL,2422.79,15.78,Turkish Cargo,Contract,2026-05-29,5537.98,1075.61,70.63,6684.22
TP-89938,2026-04-29,KUL,DEL,1499.94,8.32,Partner Air A,Spot,2026-05-01,4443.12,799.99,131.99,5375.1
TP-89939,2026-05-17,KUL,BKK,1115.18,5.4,Partner Air A,Spot,2026-05-20,3237.35,502.2,173.13,3912.68
TP-89940,2026-05-11,KUL,BKK,2747.36,15.26,Turkish Cargo,Contract,2026-05-13,6738.7,1163.5,146.45,8048.65
TP-89941,2026-03-08,BKK,MNL,2264.79,11.23,Emirates SkyCargo,Spot,2026-03-09,3992.37,742.45,104.27,4839.09
TP-89942,2026-06-25,KUL,CGK,4229.24,22.21,Own Freighter 3,Owned,2026-06-27,12156.49,1942.67,123.81,14222.97
TP-89943,2026-05-10,KUL,BLR,4543.9,29.71,Own Freighter 3,Owned,2026-05-13,9359.17,2034.55,44.66,11438.38
TP-89944,2026-04-09,KUL,BLR,3166.04,21.54,Own Freighter 1,Owned,2026-04-13,6979.54,1434.44,212.75,8626.73
TP-89945,2026-06-16,KUL,DEL,645.16,3.64,MASkargo,Spot,2026-06-20,1171.36,199.83,106.19,1477.38
TP-89946,2026-05-05,KUL,CGK,441.54,2.05,MASkargo,Contract,2026-05-09,1048.48,224.64,127.27,1400.39
TP-89947,2026-05-24,KUL,DEL,4247.23,24.1,Partner Air B,Spot,2026-05-27,14461.69,2115.05,165.43,16742.17
TP-89948,2026-06-26,KUL,BOM,393.96,2.25,MASkargo,Contract,2026-06-30,947.95,199.34,113.83,1261.12
TP-89949,2026-05-07,KUL,BLR,2147.16,11.33,Emirates SkyCargo,Spot,2026-05-09,4814.48,952.79,174.43,5941.7
TP-89950,2026-06-27,KUL,SIN,3833.3,22.37,MASkargo,Contract,2026-06-29,11540.46,2223.57,146.54,13910.57
TP-89951,2026-05-01,BOM,SIN,3138.15,20.67,MASkargo,Spot,2026-05-05,7142.61,1380.31,68.93,8591.85
TP-89952,2026-03-06,SIN,CGK,4249.16,21.53,Partner Air A,Contract,2026-03-08,9809.01,1848.31,176.82,11834.14
TP-89953,2026-06-28,DEL,BKK,2252.89,13.62,Partner Air B,Contract,2026-06-29,7043.12,1165.46,155.92,8364.5
TP-89954,2026-03-04,KUL,BOM,157.89,1.18,Partner Air A,Spot,2026-03-08,284.9,49.16,36.08,370.14
TP-89955,2026-02-18,KUL,BOM,734.31,4.13,MASkargo,Contract,2026-02-19,1701.48,304.27,213.43,2219.18
TP-89956,2026-03-19,KUL,BOM,3220.98,20.9,Own Freighter 1,Owned,2026-03-22,7244.82,1538.88,156.71,8940.41
TP-89957,2026-02-18,DEL,BKK,1007.28,7.18,Own Freighter 1,Owned,2026-02-22,2544.78,426.88,118.33,3089.99
TP-89958,2026-01-23,KUL,MNL,3846.21,28.97,Own Freighter 2,Owned,2026-01-27,10853.62,2175.53,184.04,13213.19
TP-89959,2026-05-05,KUL,SIN,3116.74,17.57,Own Freighter 2,Owned,2026-05-07,7011.61,1483.64,191.29,8686.54
TP-89960,2026-03-14,KUL,BOM,2162.45,10.45,MASkargo,Spot,2026-03-15,5292.16,1048.45,146.17,6486.78
TP-89961,2026-01-21,KUL,MAA,534.95,2.49,Partner Air B,Contract,2026-01-22,1387.79,244.52,174.87,1807.18
TP-89962,2026-01-30,KUL,CGK,4607.1,24.48,Partner Air A,Contract,2026-02-03,7337.8,1593.33,106.54,9037.67
TP-89963,2026-05-21,KUL,BOM,4287.38,19.93,Emirates SkyCargo,Spot,2026-05-24,15510.94,3160.97,49.65,18721.56
TP-89964,2026-04-17,BKK,MNL,4459.82,32.51,Turkish Cargo,Contract,2026-04-19,9787.4,1436.21,133.59,11357.2
TP-89965,2026-01-27,BOM,SIN,921.14,4.67,Partner Air B,Spot,2026-01-28,1801.26,329.49,80.81,2211.56
TP-89966,2026-06-20,KUL,BLR,554.8,2.53,Own Freighter 3,Owned,2026-06-22,1759.85,377.27,54.71,2191.83
TP-89967,2026-01-06,KUL,CGK,4020.65,23.85,Partner Air A,Contract,2026-01-07,12468.48,2573.83,72.14,15114.45
TP-89968,2026-04-14,KUL,DEL,3059.61,17.38,Partner Air A,Contract,2026-04-17,9443.71,1615.46,86.17,11145.34
TP-89969,2026-01-17,KUL,BKK,1082.23,5.36,Partner Air A,Contract,2026-01-21,2904.92,588.44,65.52,3558.88
TP-89970,2026-01-31,SIN,CGK,4307.77,26.33,Own Freighter 1,Owned,2026-02-01,6824.4,1081.64,126.71,8032.75
TP-89971,2026-04-03,BOM,SIN,1622.83,8.02,Partner Air B,Spot,2026-04-04,4974.05,1037.54,179.72,6191.31
TP-89972,2026-01-27,KUL,MNL,616.9,4.36,Own Freighter 2,Owned,2026-01-30,1424.74,228.89,148.43,1802.06
TP-89973,2026-01-14,SIN,CGK,1536.65,8.78,Emirates SkyCargo,Spot,2026-01-15,4159.18,775.92,99.06,5034.16
TP-89974,2026-02-03,BOM,SIN,4365.16,24.84,Own Freighter 1,Owned,2026-02-07,13185.48,1928.71,100.59,15214.78
TP-89975,2026-01-05,KUL,MNL,3267.52,17.43,Own Freighter 2,Owned,2026-01-09,8567.32,1454.49,106.43,10128.24
TP-89976,2026-02-11,KUL,BOM,3568.72,23.06,Partner Air B,Spot,2026-02-14,8162.79,1488.01,213.26,9864.06
TP-89977,2026-02-17,BKK,MNL,1519.67,8.88,Own Freighter 1,Owned,2026-02-19,2493.34,361.07,139.06,2993.47
TP-89978,2026-05-18,KUL,DEL,4585.28,26.29,Own Freighter 1,Owned,2026-05-22,16684.75,3332.99,63.34,20081.08
TP-89979,2026-04-26,KUL,MAA,1115.12,6.07,Own Freighter 2,Owned,2026-04-27,2686.1,441.05,143.13,3270.28
TP-89980,2026-04-04,BKK,MNL,1353.91,10.37,Own Freighter 3,Owned,2026-04-07,2547.04,449.03,63.82,3059.89
TP-89981,2026-04-11,BOM,SIN,340.6,2.19,Own Freighter 1,Owned,2026-04-15,666.43,141.99,99.04,907.46
TP-89982,2026-03-31,BKK,MNL,2743.93,12.87,Emirates SkyCargo,Spot,2026-04-01,5935.88,1276.47,56.81,7269.16
TP-89983,2026-05-27,KUL,BOM,4306.28,21.7,Partner Air B,Contract,2026-05-29,10156.6,2023.03,83.73,12263.36
TP-89984,2026-01-15,KUL,DEL,1147.98,8.08,Own Freighter 2,Owned,2026-01-16,2349.52,360.39,155.96,2865.87
TP-89985,2026-05-10,KUL,DEL,4436.22,28.73,Emirates SkyCargo,Spot,2026-05-13,16443.01,3214.4,136.64,19794.05
TP-89986,2026-04-05,SIN,CGK,2877.28,14.06,Own Freighter 1,Owned,2026-04-07,7645.06,1096.39,164.55,8906.0
TP-89987,2026-02-10,KUL,SIN,1539.1,7.31,Turkish Cargo,Contract,2026-02-13,2918.34,411.43,139.7,3469.47
TP-89988,2026-06-22,KUL,BLR,3623.63,25.29,Turkish Cargo,Contract,2026-06-24,10659.97,2111.31,202.51,12973.79
TP-89989,2026-03-18,DEL,BKK,767.48,4.34,Emirates SkyCargo,Contract,2026-03-21,2117.88,341.83,183.06,2642.77
TP-89990,2026-01-05,BKK,MNL,1868.68,14.03,Partner Air A,Contract,2026-01-06,4939.34,898.33,197.74,6035.41
TP-89991,2026-04-28,SIN,CGK,4399.41,30.31,Partner Air A,Contract,2026-05-02,7018.27,1033.76,68.72,8120.75
TP-89992,2026-02-04,KUL,MNL,1000.31,5.34,MASkargo,Spot,2026-02-05,2471.62,525.54,169.81,3166.97
TP-89993,2026-03-02,KUL,MAA,3921.64,19.08,Turkish Cargo,Contract,2026-03-06,7376.11,1033.73,82.71,8492.55
TP-89994,2026-05-24,KUL,DEL,4697.47,26.32,Partner Air A,Spot,2026-05-27,16493.99,2933.61,160.77,19588.37
TP-89995,2026-04-01,KUL,MNL,3844.04,20.06,Own Freighter 3,Owned,2026-04-02,7839.05,1685.1,210.73,9734.88
TP-89996,2026-05-28,KUL,DEL,693.89,4.86,Partner Air A,Spot,2026-05-30,2118.3,315.23,124.35,2557.88
TP-89997,2026-01-04,DEL,BKK,462.46,2.72,Partner Air B,Contract,2026-01-07,856.46,168.58,76.99,1102.03
TP-89998,2026-06-14,KUL,MNL,3954.5,28.02,Turkish Cargo,Contract,2026-06-18,11597.01,2024.17,92.83,13714.01
TP-89999,2026-05-06,DEL,BKK,3428.26,22.14,Emirates SkyCargo,Contract,2026-05-08,6586.57,1002.97,182.34,7771.88
